row_id,row_label,final_score,predicted_label
0,0,0.4229908307038641,0
1,1,0.45921926483269926,0
2,1,0.567028820815285,1
3,0,0.47188427537822386,0
4,0,0.47188427537822386,0
5,1,0.4700942709275192,0
6,1,0.5243812664940652,1
7,1,0.5620177658174265,1
8,1,0.5243812664940652,1
9,1,0.47188427537822386,0
10,1,0.30201618827982957,0
11,0,0.3615845922965385,0
12,0,0.45782591515216126,0
13,0,0.5911154225498041,1
14,0,0.47188427537822386,0
15,1,0.5560421289125729,1
16,0,0.30465569101789747,0
17,0,0.5663264745387834,1
18,0,0.47188427537822386,0
19,0,0.47188427537822386,0
20,0,0.47188427537822386,0
21,1,0.47188427537822386,0
22,0,0.47188427537822386,0
23,1,0.6119629770311215,1
24,0,0.47188427537822386,0
25,0,0.6243027563423599,1
26,1,0.4677430849559758,0
27,0,0.5120110936260249,1
28,0,0.4677430849559758,0
29,0,0.5114682440426869,1
30,1,0.5620177658174265,1
31,1,0.5911154225498041,1
32,1,0.47188427537822386,0
33,0,0.47188427537822386,0
34,1,0.5683339131345176,1
35,0,0.3393565223519062,0
36,1,0.6004181497608215,1
37,1,0.6094213712577123,1
38,1,0.5911154225498041,1
39,1,0.4731900224084206,0
40,0,0.45694808402924747,0
41,1,0.47188427537822386,0
42,0,0.24792152103825757,0
43,1,0.66217458152003,1
44,1,0.45694808402924747,0
45,0,0.3396596887767762,0
46,1,0.47188427537822386,0
47,0,0.4556230058591569,0
48,0,0.47188427537822386,0
49,1,0.47188427537822386,0
50,0,0.5199792871204807,1
51,0,0.47188427537822386,0
52,1,0.5911154225498041,1
53,1,0.6371559837223261,1
54,1,0.5243812664940652,1
55,1,0.6439880175088721,1
56,1,0.47188427537822386,0
57,0,0.5898591125086879,1
58,1,0.47188427537822386,0
59,0,0.313601849647013,0
60,0,0.33220919329858245,0
61,0,0.5406037095544244,1
62,1,0.5614917108772975,1
63,0,0.30201618827982957,0
64,0,0.47188427537822386,0
65,1,0.719836104435958,1
66,0,0.5441849182353007,1
67,1,0.47188427537822386,0
68,1,0.47188427537822386,0
69,0,0.5378693532722527,1
70,1,0.4905124102724108,0
71,0,0.38986272722006843,0
72,1,0.47188427537822386,0
73,0,0.47188427537822386,0
74,0,0.5614917108772975,1
75,1,0.44559595742783814,0
76,1,0.47188427537822386,0
77,1,0.4803544210539641,0
78,0,0.47188427537822386,0
79,1,0.47188427537822386,0
80,1,0.5610713185310112,1
81,0,0.47188427537822386,0
82,1,0.47188427537822386,0
83,1,0.46385681031406245,0
84,0,0.35988943704753085,0
85,0,0.5135788799977823,1
86,1,0.47188427537822386,0
87,0,0.39247914996133654,0
88,0,0.47188427537822386,0
89,1,0.5583570258229534,1
90,1,0.47188427537822386,0
91,1,0.5688767627178557,1
92,1,0.5243812664940652,1
93,1,0.5120110936260249,1
94,1,0.47188427537822386,0
95,0,0.41318110395381247,0
96,0,0.47188427537822386,0
97,0,0.47188427537822386,0
98,0,0.5947957564982934,1
99,0,0.45696336291073353,0
100,0,0.45694808402924747,0
101,0,0.5521379860947148,1
102,0,0.47188427537822386,0
103,1,0.4729092121666431,0
104,1,0.686387131603635,1
105,0,0.48082710633173953,0
106,0,0.5243812664940652,1
107,1,0.6564599649779861,1
108,1,0.5683339131345176,1
109,1,0.47188427537822386,0
110,1,0.45694808402924747,0
111,1,0.47188427537822386,0
112,1,0.47188427537822386,0
113,1,0.47188427537822386,0
114,1,0.5620177658174265,1
115,1,0.3623273235867326,0
116,0,0.3396596887767762,0
117,0,0.48082710633173953,0
118,1,0.4515216719241973,0
119,1,0.5688767627178557,1
120,0,0.5243812664940652,1
121,1,0.47188427537822386,0
122,0,0.42326837881976953,0
123,0,0.6873469583986321,1
124,0,0.5557538343202382,1
125,1,0.47345206174998117,0
126,0,0.4713414257948858,0
127,0,0.4979051145861949,0
128,1,0.47188427537822386,0
129,1,0.567028820815285,1
130,0,0.3436692051658048,0
131,0,0.5911154225498041,1
132,1,0.5683339131345176,1
133,1,0.6015267590970501,1
134,1,0.47188427537822386,0
135,1,0.4762954008697087,0
136,0,0.34089388683574384,0
137,1,0.47188427537822386,0
138,0,0.5025236117774143,1
139,1,0.6799110983093198,1
140,0,0.47188427537822386,0
141,0,0.47188427537822386,0
142,1,0.5804179921486554,1
143,0,0.46519716736563904,0
144,1,0.5807081956213875,1
145,1,0.5035699197528638,1
146,1,0.47188427537822386,0
147,0,0.567028820815285,1
148,1,0.47188427537822386,0
149,0,0.47188427537822386,0
150,0,0.5070823543435652,1
151,1,0.5243812664940652,1
152,1,0.567028820815285,1
153,1,0.5683339131345176,1
154,0,0.5070823543435652,1
155,0,0.47188427537822386,0
156,1,0.47188427537822386,0
157,1,0.5153161587984707,1
158,0,0.436534341043037,0
159,1,0.47188427537822386,0
160,0,0.567028820815285,1
161,1,0.5831112537462211,1
162,0,0.5807081956213875,1
163,0,0.4868088473084591,0
164,0,0.47188427537822386,0
165,0,0.5262508618420815,1
166,0,0.5737701137172894,1
167,0,0.4049312460150873,0
168,1,0.6090035809656568,1
169,1,0.47188427537822386,0
170,1,0.4822451593289599,0
171,0,0.47188427537822386,0
172,1,0.6203547136045323,1
173,1,0.45694808402924747,0
174,1,0.47188427537822386,0
175,0,0.47188427537822386,0
176,0,0.567028820815285,1
177,1,0.5243812664940652,1
178,1,0.4556230058591569,0
179,1,0.46385681031406245,0
180,1,0.6033892098356458,1
181,1,0.6556414122600862,1
182,0,0.3843752639568512,0
183,1,0.47188427537822386,0
184,1,0.5114682440426869,1
185,0,0.45694808402924747,0
186,0,0.6107196718190668,1
187,0,0.4677430849559758,0
188,1,0.4803544210539641,0
189,1,0.47188427537822386,0
190,0,0.47188427537822386,0
191,1,0.66217458152003,1
192,1,0.5737701137172894,1
193,0,0.47188427537822386,0
194,1,0.47188427537822386,0
195,0,0.6090035809656568,1
196,1,0.47188427537822386,0
197,0,0.47188427537822386,0
198,0,0.5406037095544244,1
199,0,0.47188427537822386,0
200,1,0.35653710935946203,0
201,1,0.5406037095544244,1
202,0,0.47188427537822386,0
203,0,0.5911154225498041,1
204,1,0.47188427537822386,0
205,1,0.5557538343202382,1
206,0,0.47188427537822386,0
207,0,0.45782591515216126,0
208,1,0.47188427537822386,0
209,0,0.3585724389209406,0
210,1,0.5866320166584461,1
211,0,0.3623273235867326,0
212,1,0.532345724350028,1
213,0,0.36619337191382717,0
214,1,0.5204812393017652,1
215,1,0.5764166105117303,1
216,1,0.47188427537822386,0
217,1,0.5620177658174265,1
218,0,0.38767385988060254,0
219,1,0.4967268273308998,0
220,1,0.66587923483308,1
221,0,0.47188427537822386,0
222,1,0.47188427537822386,0
223,0,0.47188427537822386,0
224,0,0.47188427537822386,0
225,1,0.4707985546215459,0
226,1,0.47188427537822386,0
227,0,0.47188427537822386,0
228,1,0.5911154225498041,1
229,0,0.47188427537822386,0
230,1,0.4027234019005866,0
231,1,0.47188427537822386,0
232,1,0.5243812664940652,1
233,1,0.6021842978762679,1
234,0,0.47188427537822386,0
235,0,0.5058260443024492,1
236,1,0.5727686520892206,1
237,1,0.4677430849559758,0
238,0,0.3985452736837323,0
239,0,0.39248659265671226,0
240,0,0.6163926357967636,1
241,0,0.31719379395770747,0
242,1,0.5663264745387834,1
243,0,0.4707985546215459,0
244,0,0.47188427537822386,0
245,1,0.47188427537822386,0
246,1,0.47188427537822386,0
247,0,0.47188427537822386,0
248,1,0.5182678096259675,1
249,1,0.47188427537822386,0
250,1,0.567028820815285,1
251,1,0.47188427537822386,0
252,0,0.30201618827982957,0
253,0,0.39970740386514486,0
254,1,0.4974771896995942,0
255,0,0.47188427537822386,0
256,0,0.5243812664940652,1
257,0,0.3815405682036641,0
258,0,0.23410015287265723,0
259,1,0.6962575070424166,1
260,1,0.511279612926118,1
261,1,0.7028710210777324,1
262,0,0.39686120512355694,0
263,0,0.45694808402924747,0
264,1,0.463940857324523,0
265,1,0.8177003675420098,1
266,0,0.47188427537822386,0
267,1,0.5832229417178745,1
268,0,0.4366531264743224,0
269,1,0.47188427537822386,0
270,0,0.4409170275037661,0
271,0,0.06996901560267937,0
272,1,0.5004770398564383,1
273,1,0.5766887004739794,1
274,0,0.4713414257948858,0
275,1,0.5767441278043205,1
276,0,0.47188427537822386,0
277,1,0.4934320800615228,0
278,1,0.4730565384088793,0
279,1,0.3586053965147811,0
280,0,0.47188427537822386,0
281,1,0.5243812664940652,1
282,1,0.47188427537822386,0
283,1,0.5357141063259354,1
284,1,0.5830440057551763,1
285,1,0.5911154225498041,1
286,1,0.36059142337197425,0
287,0,0.3198068957924407,0
288,0,0.26963009808312804,0
289,1,0.30201618827982957,0
290,1,0.6072609485604241,1
291,0,0.47188427537822386,0
292,1,0.47188427537822386,0
293,0,0.4713414257948858,0
294,0,0.401421977570421,0
295,1,0.47188427537822386,0
296,1,0.488859620296699,0
297,1,0.47188427537822386,0
298,1,0.45694808402924747,0
299,1,0.47188427537822386,0
300,1,0.47188427537822386,0
301,1,0.4731900224084206,0
302,1,0.45782591515216126,0
303,0,0.5614917108772975,1
304,0,0.47188427537822386,0
305,1,0.5947957564982934,1
306,1,0.47188427537822386,0
307,0,0.4636018945337277,0
308,1,0.4677430849559758,0
309,0,0.47188427537822386,0
310,0,0.4729092121666431,0
311,1,0.47188427537822386,0
312,0,0.567028820815285,1
313,1,0.44817427347636296,0
314,1,0.46280581996569525,0
315,0,0.5243812664940652,1
316,1,0.6636380847497568,1
317,0,0.5911154225498041,1
318,0,0.41949412387552476,0
319,0,0.3395205598686226,0
320,0,0.48139607907107573,0
321,0,0.47188427537822386,0
322,0,0.3613523232204747,0
323,0,0.47188427537822386,0
324,1,0.5243812664940652,1
325,0,0.49262308474817534,0
326,0,0.47188427537822386,0
327,0,0.45694808402924747,0
328,1,0.6400049718748866,1
329,0,0.47188427537822386,0
330,1,0.45694808402924747,0
331,1,0.4082075296939639,0
332,1,0.6439880175088721,1
333,0,0.5737701137172894,1
334,0,0.47188427537822386,0
335,0,0.5480624746222871,1
336,1,0.6015267590970501,1
337,1,0.47188427537822386,0
338,1,0.5620177658174265,1
339,0,0.47188427537822386,0
340,1,0.5910674265364866,1
341,1,0.47188427537822386,0
342,1,0.5830440057551763,1
343,1,0.6896420379889041,1
344,0,0.4480182618332369,0
345,1,0.5663264745387834,1
346,0,0.47188427537822386,0
347,0,0.32673744534593996,0
348,1,0.47188427537822386,0
349,1,0.5688767627178557,1
350,1,0.4677430849559758,0
351,1,0.5807081956213875,1
352,1,0.5947957564982934,1
353,1,0.47188427537822386,0
354,0,0.47188427537822386,0
355,1,0.47188427537822386,0
356,0,0.63618506128091,1
357,0,0.5620177658174265,1
358,0,0.28294078819460267,0
359,1,0.47188427537822386,0
360,1,0.47188427537822386,0
361,1,0.5243812664940652,1
362,1,0.4742319016452346,0
363,0,0.5583570258229534,1
364,0,0.6015267590970501,1
365,0,0.3623273235867326,0
366,0,0.5995712384846834,1
367,0,0.47188427537822386,0
368,1,0.47188427537822386,0
369,1,0.532345724350028,1
370,0,0.38483878133738175,0
371,1,0.5736818900000816,1
372,0,0.5243812664940652,1
373,0,0.3703247868208034,0
374,0,0.39955446672112255,0
375,1,0.7527972093552341,1
376,1,0.6095124660224398,1
377,0,0.5480624746222871,1
378,0,0.6090035809656568,1
379,0,0.47188427537822386,0
380,1,0.6090035809656568,1
381,1,0.5629339309167877,1
382,0,0.34797754024214234,0
383,1,0.5637539588372543,1
384,1,0.5666063481394767,1
385,1,0.47188427537822386,0
386,1,0.47188427537822386,0
387,0,0.6180435673064482,1
388,1,0.6092771432435451,1
389,0,0.4822451593289599,0
390,0,0.5243812664940652,1
391,0,0.47188427537822386,0
392,0,0.47188427537822386,0
393,0,0.4209970102952121,0
394,0,0.47188427537822386,0
395,1,0.45694808402924747,0
396,1,0.5947957564982934,1
397,0,0.46480444580309105,0
398,1,0.47188427537822386,0
399,1,0.5414314658227696,1
400,0,0.30201618827982957,0
401,0,0.47188427537822386,0
402,0,0.5683339131345176,1
403,0,0.5811166365576553,1
404,1,0.6583104350793016,1
405,1,0.47188427537822386,0
406,0,0.47188427537822386,0
407,0,0.4795492484461617,0
408,0,0.4803544210539641,0
409,1,0.4776063668140663,0
410,1,0.47188427537822386,0
411,0,0.5409964311169724,1
412,1,0.5057419972919885,1
413,0,0.47188427537822386,0
414,0,0.47188427537822386,0
415,1,0.5688767627178557,1
416,1,0.6118141350264539,1
417,0,0.47188427537822386,0
418,0,0.4704181082347047,0
419,1,0.47188427537822386,0
420,0,0.45896688081151826,0
421,1,0.5256617599659557,1
422,0,0.47188427537822386,0
423,1,0.47188427537822386,0
424,1,0.5339559332992893,1
425,0,0.32008124719353154,0
426,1,0.5091318480151021,1
427,1,0.47188427537822386,0
428,0,0.4677430849559758,0
429,1,0.5487273701968537,1
430,0,0.49784056178976205,0
431,1,0.45696336291073353,0
432,0,0.560281885424748,1
433,1,0.5571736536255787,1
434,0,0.47188427537822386,0
435,1,0.5807081956213875,1
436,0,0.47188427537822386,0
437,1,0.46402263353402357,0
438,0,0.48192220742572145,0
439,0,0.555833296574002,1
440,1,0.5807081956213875,1
441,0,0.5100352639411903,1
442,1,0.47188427537822386,0
443,0,0.47188427537822386,0
444,0,0.4976661522431653,0
445,1,0.5114682440426869,1
446,0,0.463940857324523,0
447,0,0.5614917108772975,1
448,1,0.47188427537822386,0
449,0,0.46557709145105447,0
450,1,0.6166051881782599,1
451,0,0.45694808402924747,0
452,1,0.4713414257948858,0
453,1,0.45694808402924747,0
454,0,0.30962099364067686,0
455,1,0.48666678827396403,0
456,1,0.6439880175088721,1
457,0,0.6243027563423599,1
458,1,0.5614917108772975,1
459,1,0.5614917108772975,1
460,1,0.47188427537822386,0
461,0,0.47188427537822386,0
462,0,0.46989785963644637,0
463,0,0.47188427537822386,0
464,0,0.5898591125086879,1
465,1,0.4811098491072844,0
466,0,0.47188427537822386,0
467,0,0.47188427537822386,0
468,0,0.5182678096259675,1
469,0,0.5120110936260249,1
470,0,0.6448436072764835,1
471,0,0.3685209972535179,0
472,1,0.319813541414381,0
473,1,0.5711979474970564,1
474,1,0.5120110936260249,1
475,0,0.47188427537822386,0
476,0,0.6090035809656568,1
477,0,0.3954439116149471,0
478,1,0.47188427537822386,0
479,0,0.45694808402924747,0
480,0,0.4294025080752312,0
481,0,0.6015267590970501,1
482,1,0.6053345397759711,1
483,0,0.47188427537822386,0
484,1,0.47188427537822386,0
485,1,0.5220958489660468,1
486,0,0.5243812664940652,1
487,0,0.47188427537822386,0
488,1,0.47188427537822386,0
489,1,0.39981738681413137,0
490,1,0.47188427537822386,0
491,0,0.5655773886575342,1
492,1,0.5723837198636783,1
493,0,0.276573236276289,0
494,1,0.30201618827982957,0
495,1,0.47188427537822386,0
496,1,0.4885039920999221,0
497,1,0.5683339131345176,1
498,0,0.4800340328226688,0
499,1,0.47188427537822386,0
500,1,0.6106250566799438,1
501,0,0.4822451593289599,0
502,1,0.5720342333246109,1
503,1,0.45694808402924747,0
504,1,0.47188427537822386,0
505,1,0.48666678827396403,0
506,0,0.47188427537822386,0
507,0,0.47981157147062603,0
508,0,0.33795277349686526,0
509,1,0.47188427537822386,0
510,0,0.48764205124722637,0
511,1,0.47188427537822386,0
512,0,0.5620177658174265,1
513,1,0.45782591515216126,0
514,1,0.47188427537822386,0
515,0,0.3424152867261816,0
516,0,0.47188427537822386,0
517,1,0.47188427537822386,0
518,1,0.47188427537822386,0
519,1,0.3613523232204747,0
520,1,0.47188427537822386,0
521,1,0.47188427537822386,0
522,1,0.5620177658174265,1
523,0,0.4780532598948496,0
524,1,0.47188427537822386,0
525,1,0.3395205598686226,0
526,1,0.45694808402924747,0
527,1,0.47188427537822386,0
528,0,0.536798096329383,1
529,1,0.5670988574168363,1
530,0,0.45056528709096616,0
531,0,0.5911528772682176,1
532,0,0.555833296574002,1
533,0,0.43343069085532604,0
534,0,0.4731646512582453,0
535,0,0.3863306154524589,0
536,0,0.45694808402924747,0
537,0,0.45694808402924747,0
538,0,0.38030340927116757,0
539,1,0.47188427537822386,0
540,1,0.47188427537822386,0
541,0,0.2986769134678476,0
542,0,0.47188427537822386,0
543,1,0.47188427537822386,0
544,1,0.45782591515216126,0
545,1,0.47188427537822386,0
546,1,0.45694808402924747,0
547,0,0.47188427537822386,0
548,0,0.47188427537822386,0
549,1,0.47188427537822386,0
550,1,0.4675717800043749,0
551,0,0.47188427537822386,0
552,0,0.47188427537822386,0
553,0,0.5898591125086879,1
554,0,0.47188427537822386,0
555,0,0.30201618827982957,0
556,0,0.47188427537822386,0
557,0,0.3080271948998807,0
558,1,0.5898591125086879,1
559,0,0.47188427537822386,0
560,0,0.5243812664940652,1
561,0,0.5901906713245826,1
562,1,0.7003093717532516,1
563,0,0.3768151892766454,0
564,0,0.47188427537822386,0
565,1,0.5947957564982934,1
566,1,0.6097423764858048,1
567,1,0.5614917108772975,1
568,0,0.5947957564982934,1
569,1,0.47188427537822386,0
570,1,0.47188427537822386,0
571,1,0.47188427537822386,0
572,1,0.49781251909753427,0
573,0,0.6699756982974974,1
574,1,0.45694808402924747,0
575,0,0.3464229191726056,0
576,1,0.5688767627178557,1
577,0,0.5620177658174265,1
578,1,0.47188427537822386,0
579,1,0.47188427537822386,0
580,0,0.40468719671004294,0
581,1,0.40687385417275734,0
582,1,0.4677430849559758,0
583,0,0.47188427537822386,0
584,0,0.38466381721180976,0
585,1,0.5010398488599186,1
586,1,0.47188427537822386,0
587,1,0.5783723854875986,1
588,1,0.47188427537822386,0
589,1,0.47188427537822386,0
590,1,0.47188427537822386,0
591,0,0.47188427537822386,0
592,0,0.47188427537822386,0
593,1,0.5120110936260249,1
594,1,0.47188427537822386,0
595,0,0.469683117675454,0
596,0,0.4605407107059103,0
597,0,0.5911154225498041,1
598,1,0.47188427537822386,0
599,0,0.47188427537822386,0
600,0,0.4597997197268529,0
601,0,0.5807081956213875,1
602,0,0.47188427537822386,0
603,1,0.45694808402924747,0
604,0,0.47188427537822386,0
605,1,0.5204812393017652,1
606,1,0.5120110936260249,1
607,1,0.47188427537822386,0
608,0,0.45694808402924747,0
609,1,0.47188427537822386,0
610,1,0.35669205150222055,0
611,1,0.536798096329383,1
612,0,0.47188427537822386,0
613,1,0.5767441278043205,1
614,1,0.47188427537822386,0
615,0,0.47188427537822386,0
616,0,0.5461601386652899,1
617,1,0.47188427537822386,0
618,1,0.47188427537822386,0
619,1,0.47188427537822386,0
620,0,0.47188427537822386,0
621,0,0.5244316590998357,1
622,1,0.5397678132266744,1
623,0,0.47188427537822386,0
624,0,0.47188427537822386,0
625,0,0.5947957564982934,1
626,1,0.47188427537822386,0
627,1,0.7023680875703939,1
628,0,0.47188427537822386,0
629,1,0.5578517782904305,1
630,0,0.47188427537822386,0
631,1,0.5243812664940652,1
632,1,0.6448436072764835,1
633,1,0.6090035809656568,1
634,0,0.47188427537822386,0
635,0,0.47188427537822386,0
636,0,0.47180022836776325,0
637,1,0.47188427537822386,0
638,1,0.5947957564982934,1
639,1,0.5614917108772975,1
640,1,0.4712313981414822,0
641,1,0.5057419972919885,1
642,1,0.47675574833649687,0
643,1,0.47188427537822386,0
644,1,0.5219068753001636,1
645,1,0.47188427537822386,0
646,0,0.4677430849559758,0
647,0,0.5204812393017652,1
648,1,0.47188427537822386,0
649,0,0.45049673513577804,0
650,0,0.5057419972919885,1
651,1,0.5243812664940652,1
652,0,0.5125428091530982,1
653,1,0.3395205598686226,0
654,0,0.3656267612948386,0
655,1,0.5787121072857899,1
656,0,0.5406037095544244,1
657,0,0.3424152867261816,0
658,1,0.5547874982132525,1
659,0,0.5584383334381322,1
660,0,0.567028820815285,1
661,1,0.46822739699514526,0
662,0,0.43059862412250804,0
663,0,0.47188427537822386,0
664,0,0.47188427537822386,0
665,1,0.47345206174998117,0
666,1,0.5911154225498041,1
667,0,0.37371876045002206,0
668,1,0.5403821783973797,1
669,0,0.47188427537822386,0
670,1,0.31360618962979897,0
671,0,0.47188427537822386,0
672,1,0.48432429080499295,0
673,1,0.4677430849559758,0
674,1,0.4905124102724108,0
675,0,0.47188427537822386,0
676,0,0.47188427537822386,0
677,1,0.562955512914597,1
678,1,0.5917008199816403,1
679,0,0.47188427537822386,0
680,0,0.47188427537822386,0
681,1,0.5870354846790234,1
682,0,0.47188427537822386,0
683,1,0.5099854287814714,1
684,1,0.3586053965147811,0
685,1,0.5243812664940652,1
686,1,0.6166268751037087,1
687,1,0.5357141063259354,1
688,0,0.47188427537822386,0
689,1,0.45694808402924747,0
690,0,0.5243812664940652,1
691,0,0.6321067355988881,1
692,0,0.47188427537822386,0
693,0,0.5690215861615651,1
694,0,0.4763173795021711,0
695,0,0.4165333364217776,0
696,0,0.4517380558915352,0
697,0,0.47188427537822386,0
698,0,0.45092355584817834,0
699,1,0.39230630304810243,0
700,1,0.47188427537822386,0
701,0,0.47188427537822386,0
702,1,0.5114682440426869,1
703,1,0.44418605830357805,0
704,0,0.5614917108772975,1
705,0,0.30201618827982957,0
706,1,0.47188427537822386,0
707,0,0.47188427537822386,0
708,0,0.5844278536772523,1
709,0,0.47188427537822386,0
710,0,0.5243812664940652,1
711,1,0.4883518842880349,0
712,0,0.47188427537822386,0
713,1,0.47188427537822386,0
714,1,0.5768256049728613,1
715,1,0.5243812664940652,1
716,0,0.47188427537822386,0
717,0,0.47188427537822386,0
718,0,0.35428319662252505,0
719,0,0.5243812664940652,1
720,0,0.45657064134818554,0
721,0,0.47188427537822386,0
722,0,0.40891246590229086,0
723,1,0.3424152867261816,0
724,0,0.47188427537822386,0
725,1,0.45694808402924747,0
726,0,0.47180022836776325,0
727,0,0.6207932327322174,1
728,0,0.47345206174998117,0
729,0,0.47188427537822386,0
730,1,0.47188427537822386,0
731,1,0.5182678096259675,1
732,1,0.5580440936942872,1
733,1,0.5243812664940652,1
734,0,0.47188427537822386,0
735,1,0.3877136794274535,0
736,1,0.6090035809656568,1
737,0,0.47188427537822386,0
738,1,0.47188427537822386,0
739,0,0.5102069990193094,1
740,1,0.5947957564982934,1
741,1,0.47188427537822386,0
742,0,0.5057519559000155,1
743,0,0.3613523232204747,0
744,1,0.41195579233129026,0
745,0,0.5243812664940652,1
746,0,0.5070823543435652,1
747,1,0.5796330446171802,1
748,1,0.6082128785199712,1
749,1,0.567028820815285,1
750,0,0.4636018945337277,0
751,1,0.44847758869731763,0
752,1,0.534338514933168,1
753,0,0.36267267384663204,0
754,0,0.47188427537822386,0
755,0,0.47188427537822386,0
756,0,0.47188427537822386,0
757,0,0.5357141063259354,1
758,0,0.4050246359401314,0
759,1,0.6417881376109134,1
760,0,0.45782591515216126,0
761,1,0.47188427537822386,0
762,1,0.4677430849559758,0
763,1,0.47188427537822386,0
764,1,0.47188427537822386,0
765,1,0.5495415205005875,1
766,1,0.47188427537822386,0
767,0,0.6063272463302322,1
768,0,0.5683339131345176,1
769,1,0.5911154225498041,1
770,0,0.47188427537822386,0
771,0,0.47188427537822386,0
772,0,0.47188427537822386,0
773,0,0.3486202653844903,0
774,1,0.4803544210539641,0
775,1,0.5406037095544244,1
776,0,0.47188427537822386,0
777,0,0.4355875393404526,0
778,1,0.5584299636666947,1
779,0,0.15766211301556804,0
780,1,0.5807081956213875,1
781,0,0.5114682440426869,1
782,1,0.47188427537822386,0
783,0,0.47188427537822386,0
784,0,0.47188427537822386,0
785,0,0.47188427537822386,0
786,0,0.4677430849559758,0
787,1,0.47188427537822386,0
788,0,0.36949636947913167,0
789,0,0.47188427537822386,0
790,1,0.5773469083935959,1
791,0,0.47188427537822386,0
792,1,0.3985452736837323,0
793,1,0.5947957564982934,1
794,0,0.47188427537822386,0
795,0,0.5235905907180681,1
796,1,0.6090035809656568,1
797,1,0.47188427537822386,0
798,0,0.5947957564982934,1
799,0,0.47188427537822386,0
800,0,0.47188427537822386,0
801,1,0.5559173435844627,1
802,1,0.47188427537822386,0
803,0,0.5683339131345176,1
804,0,0.4366531264743224,0
805,0,0.7063507868111969,1
806,0,0.4677430849559758,0
807,1,0.5202400760718172,1
808,1,0.4434738750141292,0
809,1,0.618994816374313,1
810,1,0.5947957564982934,1
811,1,0.4683812133083927,0
812,0,0.4822451593289599,0
813,0,0.49784056178976205,0
814,1,0.46794232509342004,0
815,1,0.4600926429349055,0
816,0,0.47675574833649687,0
817,1,0.567028820815285,1
818,1,0.6094730435412667,1
819,1,0.5911154225498041,1
820,0,0.47188427537822386,0
821,1,0.3464229191726056,0
822,0,0.4884356250580235,0
823,1,0.47188427537822386,0
824,1,0.47188427537822386,0
825,0,0.47188427537822386,0
826,1,0.5202400760718172,1
827,0,0.6090035809656568,1
828,0,0.47188427537822386,0
829,0,0.5447391566899976,1
830,1,0.3894198594092646,0
831,0,0.5947957564982934,1
832,1,0.4027234019005866,0
833,0,0.47188427537822386,0
834,1,0.47188427537822386,0
835,0,0.47188427537822386,0
836,1,0.4683812133083927,0
837,1,0.5182678096259675,1
838,1,0.41195579233129026,0
839,0,0.45694808402924747,0
840,1,0.5331319853356598,1
841,1,0.47188427537822386,0
842,0,0.47188427537822386,0
843,1,0.31095901923334524,0
844,0,0.6135122763418774,1
845,1,0.63297332829043,1
846,1,0.47188427537822386,0
847,0,0.47188427537822386,0
848,0,0.48082710633173953,0
849,0,0.6375121777031649,1
850,1,0.47188427537822386,0
851,1,0.47188427537822386,0
852,0,0.4713414257948858,0
853,0,0.47570183645904346,0
854,0,0.5243812664940652,1
855,0,0.5641511480393682,1
856,0,0.5120110936260249,1
857,1,0.34962593013360777,0
858,1,0.5911154225498041,1
859,0,0.5531920273254108,1
860,1,0.47188427537822386,0
861,1,0.47188427537822386,0
862,1,0.3825112533856682,0
863,0,0.47188427537822386,0
864,0,0.4123921459995295,0
865,1,0.47188427537822386,0
866,0,0.5502654757289489,1
867,0,0.6132626739337812,1
868,1,0.47188427537822386,0
869,1,0.5243812664940652,1
870,0,0.47188427537822386,0
871,1,0.47188427537822386,0
872,1,0.5521379860947148,1
873,1,0.47188427537822386,0
874,1,0.5898591125086879,1
875,1,0.44901913924603803,0
876,1,0.5614917108772975,1
877,1,0.5297143341331751,1
878,0,0.6109389201072896,1
879,1,0.47188427537822386,0
880,1,0.5243812664940652,1
881,1,0.7357820644662465,1
882,1,0.47188427537822386,0
883,0,0.3464229191726056,0
884,0,0.5936796401663706,1
885,0,0.47188427537822386,0
886,1,0.5559173435844627,1
887,0,0.567028820815285,1
888,0,0.47188427537822386,0
889,1,0.47188427537822386,0
890,0,0.3623273235867326,0
891,1,0.47188427537822386,0
892,1,0.5911154225498041,1
893,0,0.47188427537822386,0
894,0,0.47188427537822386,0
895,0,0.5911154225498041,1
896,1,0.5596005635110433,1
897,1,0.4677430849559758,0
898,0,0.47188427537822386,0
899,0,0.4458384633425741,0
900,0,0.5571736536255787,1
901,1,0.5521379860947148,1
902,0,0.47188427537822386,0
903,0,0.5114682440426869,1
904,1,0.5911154225498041,1
905,1,0.47188427537822386,0
906,1,0.5911533761025615,1
907,1,0.5866320166584461,1
908,1,0.6006708022195106,1
909,0,0.5231701770047019,1
910,1,0.48082710633173953,0
911,0,0.47188427537822386,0
912,1,0.5406037095544244,1
913,1,0.3985452736837323,0
914,1,0.4638864029892582,0
915,0,0.5344515746085514,1
916,1,0.5448900954845666,1
917,0,0.5120110936260249,1
918,1,0.45896688081151826,0
919,1,0.47188427537822386,0
920,1,0.47188427537822386,0
921,0,0.362427474224682,0
922,0,0.42682718735891256,0
923,0,0.47188427537822386,0
924,1,0.5867427476886382,1
925,1,0.48082710633173953,0
926,1,0.4978826262487483,0
927,0,0.5120110936260249,1
928,1,0.4884356250580235,0
929,0,0.47188427537822386,0
930,1,0.6427266475540807,1
931,1,0.47188427537822386,0
932,0,0.47188427537822386,0
933,1,0.47188427537822386,0
934,0,0.38496256785406513,0
935,1,0.48082710633173953,0
936,0,0.4803544210539641,0
937,0,0.006864690611468216,0
938,0,0.47188427537822386,0
939,0,0.47188427537822386,0
940,0,0.47188427537822386,0
941,0,0.47188427537822386,0
942,1,0.47188427537822386,0
943,0,0.5228304529982214,1
944,0,0.5703615220350948,1
945,0,0.5807081956213875,1
946,1,0.5911154225498041,1
947,0,0.567028820815285,1
948,0,0.45782591515216126,0
949,1,0.5504774711354854,1
950,1,0.5614917108772975,1
951,0,0.4879914570739317,0
952,0,0.5321627462102239,1
953,1,0.5406037095544244,1
954,0,0.4731405854193399,0
955,1,0.47188427537822386,0
956,0,0.38986272722006843,0
957,0,0.3424152867261816,0
958,0,0.4677430849559758,0
959,1,0.4905124102724108,0
960,0,0.3395205598686226,0
961,0,0.6725525823259548,1
962,1,0.47188427537822386,0
963,0,0.47188427537822386,0
964,1,0.47188427537822386,0
965,0,0.47188427537822386,0
966,0,0.3920395922464643,0
967,0,0.5688767627178557,1
968,0,0.27415834603781963,0
969,0,0.47188427537822386,0
970,0,0.5876106128655385,1
971,0,0.45092355584817834,0
972,0,0.47188427537822386,0
973,0,0.6512167863874899,1
974,1,0.5911154225498041,1
975,1,0.4856163513117682,0
976,1,0.47188427537822386,0
977,0,0.47345206174998117,0
978,0,0.3985452736837323,0
979,1,0.48129034286378486,0
980,0,0.4620579591070027,0
981,0,0.45694808402924747,0
982,0,0.4989147329721853,0
983,0,0.3747939114542293,0
984,0,0.4621658673823285,0
985,0,0.47188427537822386,0
986,0,0.45092355584817834,0
987,1,0.5911154225498041,1
988,1,0.47188427537822386,0
989,1,0.5070823543435652,1
990,0,0.5070823543435652,1
991,0,0.47188427537822386,0
992,1,0.4636018945337277,0
993,1,0.4906235533835791,0
994,1,0.47188427537822386,0
995,1,0.4949770326121973,0
996,1,0.48192220742572145,0
997,1,0.47188427537822386,0
998,0,0.48082710633173953,0
999,0,0.4556230058591569,0
1000,1,0.47188427537822386,0
1001,0,0.47188427537822386,0
1002,0,0.30201618827982957,0
1003,0,0.47188427537822386,0
1004,1,0.47188427537822386,0
1005,0,0.47188427537822386,0
1006,0,0.4729092121666431,0
1007,1,0.5947957564982934,1
1008,0,0.47188427537822386,0
1009,0,0.5135788799977823,1
1010,1,0.5948037124930974,1
1011,0,0.6090035809656568,1
1012,1,0.5688767627178557,1
1013,0,0.47188427537822386,0
1014,1,0.47188427537822386,0
1015,0,0.5243812664940652,1
1016,0,0.5243812664940652,1
1017,0,0.3424152867261816,0
1018,0,0.47188427537822386,0
1019,0,0.47188427537822386,0
1020,1,0.47675574833649687,0
1021,1,0.456879315900273,0
1022,1,0.6223610449237856,1
1023,0,0.47188427537822386,0
1024,1,0.5732891684375336,1
1025,1,0.5273976403586341,1
1026,1,0.47188427537822386,0
1027,0,0.6369476128831858,1
1028,0,0.567028820815285,1
1029,0,0.45782591515216126,0
1030,1,0.5838660090980625,1
1031,0,0.47188427537822386,0
1032,0,0.47188427537822386,0
1033,1,0.47188427537822386,0
1034,0,0.2838726396743889,0
1035,0,0.3424152867261816,0
1036,1,0.6173129440707105,1
1037,1,0.5557256388088685,1
1038,1,0.47188427537822386,0
1039,1,0.5243812664940652,1
1040,0,0.5943495872540085,1
1041,1,0.5565905332670531,1
1042,0,0.6695447829906741,1
1043,1,0.47188427537822386,0
1044,0,0.47188427537822386,0
1045,0,0.567028820815285,1
1046,0,0.47188427537822386,0
1047,0,0.5120110936260249,1
1048,1,0.47188427537822386,0
1049,1,0.567028820815285,1
1050,0,0.5304531100242043,1
1051,1,0.47188427537822386,0
1052,0,0.4458384633425741,0
1053,1,0.46653468629965267,0
1054,0,0.47188427537822386,0
1055,1,0.45694808402924747,0
1056,1,0.5683339131345176,1
1057,0,0.47188427537822386,0
1058,0,0.463940857324523,0
1059,1,0.3887889649961041,0
1060,0,0.5911154225498041,1
1061,1,0.5691206631536091,1
1062,1,0.5858397396369269,1
1063,0,0.48082710633173953,0
1064,1,0.6968434630987328,1
1065,0,0.48082710633173953,0
1066,1,0.647813360430626,1
1067,0,0.5474892224754099,1
1068,1,0.4713414257948858,0
1069,0,0.47188427537822386,0
1070,1,0.5620177658174265,1
1071,0,0.47188427537822386,0
1072,1,0.463940857324523,0
1073,0,0.47188427537822386,0
1074,1,0.6062159455384518,1
1075,0,0.5120110936260249,1
1076,1,0.48082710633173953,0
1077,0,0.4905124102724108,0
1078,1,0.47188427537822386,0
1079,0,0.47188427537822386,0
1080,0,0.47188427537822386,0
1081,1,0.4677430849559758,0
1082,1,0.47188427537822386,0
1083,1,0.47188427537822386,0
1084,1,0.19754358716238735,0
1085,1,0.5243812664940652,1
1086,0,0.45782591515216126,0
1087,1,0.5114682440426869,1
1088,1,0.5571736536255787,1
1089,1,0.4677430849559758,0
1090,0,0.5170569846503197,1
1091,0,0.26961154837505136,0
1092,0,0.3613523232204747,0
1093,1,0.45782591515216126,0
1094,1,0.47188427537822386,0
1095,0,0.47188427537822386,0
1096,1,0.47188427537822386,0
1097,1,0.47188427537822386,0
1098,1,0.45694808402924747,0
1099,0,0.5637645801285769,1
1100,1,0.33795277349686526,0
1101,1,0.47188427537822386,0
1102,0,0.4486893423800462,0
1103,1,0.4731405854193399,0
1104,1,0.5070823543435652,1
1105,0,0.45694808402924747,0
1106,0,0.3755356145257306,0
1107,1,0.567028820815285,1
1108,0,0.47188427537822386,0
1109,0,0.3985452736837323,0
1110,1,0.5773469083935959,1
1111,1,0.47188427537822386,0
1112,0,0.5689787636590407,1
1113,1,0.41195579233129026,0
1114,1,0.48082710633173953,0
1115,0,0.5871997060623526,1
1116,0,0.5182678096259675,1
1117,0,0.5614917108772975,1
1118,0,0.5557618801006188,1
1119,1,0.47188427537822386,0
1120,0,0.47188427537822386,0
1121,1,0.48666678827396403,0
1122,0,0.5059025778202657,1
1123,0,0.47675574833649687,0
1124,0,0.4101597863048795,0
1125,0,0.47188427537822386,0
1126,0,0.560281885424748,1
1127,1,0.5720342333246109,1
1128,0,0.45694808402924747,0
1129,0,0.567028820815285,1
1130,1,0.463940857324523,0
1131,1,0.47188427537822386,0
1132,1,0.47188427537822386,0
1133,1,0.47188427537822386,0
1134,1,0.5683339131345176,1
1135,0,0.47188427537822386,0
1136,0,0.5844278536772523,1
1137,0,0.47188427537822386,0
1138,1,0.47188427537822386,0
1139,1,0.3663580228456215,0
1140,1,0.49784056178976205,0
1141,0,0.47188427537822386,0
1142,1,0.48377244466795727,0
1143,0,0.45782591515216126,0
1144,1,0.45782591515216126,0
1145,0,0.30201618827982957,0
1146,0,0.5309210634606869,1
1147,0,0.35358480590454155,0
1148,0,0.5243812664940652,1
1149,1,0.4041383548397562,0
1150,1,0.47188427537822386,0
1151,1,0.5890600546113562,1
1152,1,0.46989785963644637,0
1153,0,0.362427474224682,0
1154,0,0.43995402650208193,0
1155,1,0.4677430849559758,0
1156,1,0.5474892224754099,1
1157,0,0.4769368132222914,0
1158,1,0.5683339131345176,1
1159,1,0.47188427537822386,0
1160,1,0.6258092024650649,1
1161,0,0.5130817234457157,1
1162,0,0.5057419972919885,1
1163,0,0.31698755118315597,0
1164,0,0.4683199191042063,0
1165,1,0.47188427537822386,0
1166,0,0.5114682440426869,1
1167,1,0.5562304893236316,1
1168,0,0.47188427537822386,0
1169,1,0.6090035809656568,1
1170,1,0.4957375776914436,0
1171,0,0.4079074455368628,0
1172,0,0.5033316182769911,1
1173,0,0.3570932213264986,0
1174,1,0.5614917108772975,1
1175,0,0.47188427537822386,0
1176,0,0.5620177658174265,1
1177,0,0.47188427537822386,0
1178,0,0.47188427537822386,0
1179,0,0.47188427537822386,0
1180,0,0.47188427537822386,0
1181,1,0.47188427537822386,0
1182,0,0.463940857324523,0
1183,1,0.390471805874707,0
1184,1,0.5610713185310112,1
1185,1,0.43679090904446316,0
1186,0,0.5121447380056074,1
1187,1,0.5905267800219234,1
1188,1,0.47188427537822386,0
1189,0,0.5120110936260249,1
1190,1,0.47188427537822386,0
1191,1,0.5614917108772975,1
1192,1,0.6015267590970501,1
1193,1,0.5614917108772975,1
1194,1,0.4366531264743224,0
1195,0,0.6090035809656568,1
1196,0,0.6090035809656568,1
1197,0,0.4906235533835791,0
1198,0,0.47188427537822386,0
1199,1,0.5898591125086879,1
1200,1,0.47188427537822386,0
1201,0,0.5375181793840988,1
1202,1,0.47188427537822386,0
1203,1,0.47188427537822386,0
1204,0,0.40005600833301735,0
1205,0,0.3647632843584709,0
1206,1,0.47188427537822386,0
1207,0,0.4534158657816779,0
1208,0,0.41949412387552476,0
1209,0,0.39265819871058405,0
1210,0,0.47188427537822386,0
1211,0,0.6321067355988881,1
1212,0,0.4633692473365538,0
1213,1,0.5947957564982934,1
1214,1,0.5120110936260249,1
1215,1,0.5114682440426869,1
1216,1,0.47188427537822386,0
1217,0,0.47188427537822386,0
1218,0,0.5584470959178038,1
1219,0,0.47188427537822386,0
1220,0,0.47188427537822386,0
1221,1,0.44475284667504744,0
1222,0,0.30201618827982957,0
1223,1,0.3703247868208034,0
1224,1,0.4677430849559758,0
1225,0,0.47188427537822386,0
1226,0,0.47188427537822386,0
1227,1,0.48666678827396403,0
1228,1,0.5911154225498041,1
1229,1,0.44637631907183273,0
1230,1,0.49399960800015263,0
1231,0,0.5614917108772975,1
1232,0,0.29904650339691574,0
1233,1,0.5243812664940652,1
1234,1,0.47188427537822386,0
1235,1,0.47188427537822386,0
1236,0,0.47188427537822386,0
1237,0,0.47188427537822386,0
1238,0,0.47188427537822386,0
1239,0,0.47188427537822386,0
1240,0,0.586464384642782,1
1241,0,0.5620177658174265,1
1242,1,0.5042094493999049,1
1243,1,0.5547874982132525,1
1244,0,0.47188427537822386,0
1245,0,0.41195579233129026,0
1246,0,0.47188427537822386,0
1247,1,0.47188427537822386,0
1248,1,0.47188427537822386,0
1249,1,0.5251887147327197,1
1250,0,0.47188427537822386,0
1251,0,0.4677430849559758,0
1252,1,0.47188427537822386,0
1253,0,0.47188427537822386,0
1254,1,0.47188427537822386,0
1255,1,0.5643256593120636,1
1256,0,0.47188427537822386,0
1257,1,0.47188427537822386,0
1258,1,0.47188427537822386,0
1259,0,0.4488129198930829,0
1260,1,0.4700942709275192,0
1261,0,0.47188427537822386,0
1262,1,0.47188427537822386,0
1263,1,0.47188427537822386,0
1264,1,0.6397545888906109,1
1265,1,0.47146796443635713,0
1266,0,0.4894825877242221,0
1267,0,0.4677430849559758,0
1268,1,0.567028820815285,1
1269,1,0.45694808402924747,0
1270,0,0.4165120167903102,0
1271,0,0.3613523232204747,0
1272,1,0.7123592912215866,1
1273,1,0.47188427537822386,0
1274,1,0.45696336291073353,0
1275,0,0.6009324649631884,1
1276,1,0.47188427537822386,0
1277,0,0.34797754024214234,0
1278,1,0.47188427537822386,0
1279,0,0.47188427537822386,0
1280,1,0.47188427537822386,0
1281,1,0.6797390348695918,1
1282,0,0.48082710633173953,0
1283,1,0.6309674859972202,1
1284,0,0.45694808402924747,0
1285,1,0.47188427537822386,0
1286,1,0.5898591125086879,1
1287,1,0.390471805874707,0
1288,1,0.5243812664940652,1
1289,1,0.5474892224754099,1
1290,0,0.5243812664940652,1
1291,0,0.5620177658174265,1
1292,1,0.47188427537822386,0
1293,0,0.47188427537822386,0
1294,1,0.4803544210539641,0
1295,1,0.5911154225498041,1
1296,1,0.47188427537822386,0
1297,0,0.45694808402924747,0
1298,0,0.47188427537822386,0
1299,1,0.567028820815285,1
1300,0,0.6711387645686415,1
1301,1,0.5947957564982934,1
1302,0,0.5274905983569391,1
1303,0,0.5120110936260249,1
1304,0,0.5750089210815221,1
1305,0,0.47188427537822386,0
1306,1,0.49784056178976205,0
1307,1,0.47188427537822386,0
1308,1,0.47188427537822386,0
1309,0,0.5276117277373408,1
1310,0,0.47188427537822386,0
1311,1,0.567028820815285,1
1312,1,0.5688141922539773,1
1313,1,0.47188427537822386,0
1314,1,0.47188427537822386,0
1315,1,0.4858721371979308,0
1316,1,0.567028820815285,1
1317,0,0.46385681031406245,0
1318,1,0.5947957564982934,1
1319,1,0.5898591125086879,1
1320,1,0.6090035809656568,1
1321,1,0.45694808402924747,0
1322,1,0.47188427537822386,0
1323,0,0.5001763719235509,1
1324,0,0.5614917108772975,1
1325,0,0.6086031099735006,1
1326,1,0.5947957564982934,1
1327,1,0.47188427537822386,0
1328,1,0.4677430849559758,0
1329,1,0.6086031099735006,1
1330,0,0.4803544210539641,0
1331,1,0.4677430849559758,0
1332,0,0.4978826262487483,0
1333,1,0.5584383334381322,1
1334,0,0.47188427537822386,0
1335,1,0.47188427537822386,0
1336,1,0.47188427537822386,0
1337,0,0.45694808402924747,0
1338,1,0.3395205598686226,0
1339,1,0.47188427537822386,0
1340,1,0.45694808402924747,0
1341,1,0.5114682440426869,1
1342,0,0.4482128320138548,0
1343,0,0.48082710633173953,0
1344,1,0.47188427537822386,0
1345,1,0.5807081956213875,1
1346,1,0.30201618827982957,0
1347,0,0.27369755823513686,0
1348,0,0.5620078610478332,1
1349,1,0.5127052228757562,1
1350,1,0.39157505906549117,0
1351,1,0.5120110936260249,1
1352,0,0.567028820815285,1
1353,1,0.4024627661777432,0
1354,0,0.47188427537822386,0
1355,1,0.47188427537822386,0
1356,1,0.47188427537822386,0
1357,0,0.5587957150316262,1
1358,0,0.547784262132707,1
1359,1,0.47188427537822386,0
1360,0,0.4107346450661086,0
1361,1,0.47188427537822386,0
1362,1,0.47188427537822386,0
1363,1,0.47188427537822386,0
1364,1,0.47188427537822386,0
1365,0,0.5664613595411279,1
1366,1,0.4700942709275192,0
1367,1,0.47188427537822386,0
1368,0,0.45694808402924747,0
1369,0,0.5947957564982934,1
1370,1,0.47188427537822386,0
1371,0,0.47345206174998117,0
1372,0,0.47188427537822386,0
1373,1,0.5783723854875986,1
1374,1,0.7053468146559431,1
1375,0,0.47188427537822386,0
1376,1,0.47188427537822386,0
1377,1,0.6124074080914448,1
1378,1,0.5911154225498041,1
1379,0,0.47188427537822386,0
1380,0,0.3024290210080264,0
1381,1,0.3424152867261816,0
1382,0,0.47188427537822386,0
1383,0,0.47188427537822386,0
1384,0,0.47188427537822386,0
1385,1,0.45092355584817834,0
1386,1,0.47188427537822386,0
1387,0,0.5577622384441177,1
1388,1,0.5646930106814962,1
1389,1,0.6724223378290723,1
1390,1,0.47188427537822386,0
1391,1,0.47188427537822386,0
1392,0,0.47188427537822386,0
1393,1,0.47188427537822386,0
1394,1,0.5646930106814962,1
1395,0,0.45694808402924747,0
1396,0,0.48192220742572145,0
1397,1,0.46385681031406245,0
1398,0,0.5620177658174265,1
1399,1,0.47188427537822386,0
1400,0,0.47188427537822386,0
1401,1,0.5120110936260249,1
1402,0,0.47188427537822386,0
1403,0,0.47188427537822386,0
1404,1,0.6397545888906109,1
1405,1,0.5614572729519608,1
1406,1,0.47188427537822386,0
1407,1,0.47188427537822386,0
1408,0,0.48082710633173953,0
1409,1,0.47188427537822386,0
1410,1,0.567028820815285,1
1411,1,0.36415476275074865,0
1412,0,0.47188427537822386,0
1413,0,0.47188427537822386,0
1414,0,0.5855972377743747,1
1415,1,0.5204812393017652,1
1416,0,0.463940857324523,0
1417,0,0.248073444357032,0
1418,0,0.5120110936260249,1
1419,0,0.3663580228456215,0
1420,1,0.4614515167512526,0
1421,0,0.5579207809630495,1
1422,1,0.47188427537822386,0
1423,0,0.47188427537822386,0
1424,0,0.47188427537822386,0
1425,0,0.49255598179191296,0
1426,1,0.4056303360779083,0
1427,0,0.47188427537822386,0
1428,0,0.47188427537822386,0
1429,0,0.47188427537822386,0
1430,1,0.5282409954421614,1
1431,0,0.5949237351673983,1
1432,0,0.5243812664940652,1
1433,1,0.47188427537822386,0
1434,1,0.449487211052918,0
1435,1,0.47188427537822386,0
1436,1,0.47188427537822386,0
1437,0,0.30201618827982957,0
1438,0,0.47188427537822386,0
1439,0,0.5663264745387834,1
1440,1,0.5911154225498041,1
1441,1,0.47188427537822386,0
1442,1,0.47188427537822386,0
1443,1,0.47188427537822386,0
1444,1,0.47188427537822386,0
1445,1,0.5562304893236316,1
1446,1,0.47188427537822386,0
1447,1,0.47541808748507575,0
1448,1,0.47188427537822386,0
1449,1,0.5663264745387834,1
1450,0,0.48082710633173953,0
1451,0,0.4641810952510369,0
1452,1,0.48082710633173953,0
1453,0,0.3395205598686226,0
1454,0,0.42492766939989907,0
1455,0,0.4328928430059359,0
1456,1,0.47188427537822386,0
1457,1,0.47188427537822386,0
1458,0,0.47188427537822386,0
1459,0,0.49155186716812904,0
1460,0,0.39770106250762804,0
1461,0,0.47188427537822386,0
1462,1,0.45694808402924747,0
1463,1,0.47188427537822386,0
1464,1,0.534261046216777,1
1465,1,0.47188427537822386,0
1466,1,0.5984712894314799,1
1467,1,0.5672861311411233,1
1468,0,0.5441849182353007,1
1469,1,0.6397330937003314,1
1470,1,0.5202400760718172,1
1471,0,0.3585724389209406,0
1472,0,0.5202400760718172,1
1473,0,0.3613523232204747,0
1474,0,0.47188427537822386,0
1475,1,0.6002564418293891,1
1476,1,0.47188427537822386,0
1477,0,0.520777914976959,1
1478,0,0.6267348567589581,1
1479,1,0.567028820815285,1
1480,1,0.47188427537822386,0
1481,1,0.47188427537822386,0
1482,0,0.47188427537822386,0
1483,0,0.5243812664940652,1
1484,1,0.5186688967838251,1
1485,1,0.5683339131345176,1
1486,0,0.6086031099735006,1
1487,0,0.364663780411405,0
1488,0,0.47188427537822386,0
1489,0,0.47188427537822386,0
1490,1,0.567028820815285,1
1491,0,0.4619754267587239,0
1492,1,0.5439367663668322,1
1493,0,0.30201618827982957,0
1494,1,0.45694808402924747,0
1495,1,0.5911154225498041,1
1496,0,0.47188427537822386,0
1497,0,0.47188427537822386,0
1498,1,0.3688679519294323,0
1499,0,0.47675574833649687,0
1500,0,0.18013707409765928,0
1501,1,0.47188427537822386,0
1502,1,0.47188427537822386,0
1503,0,0.5683339131345176,1
1504,0,0.26638749026823216,0
1505,0,0.47188427537822386,0
1506,1,0.567028820815285,1
1507,0,0.47188427537822386,0
1508,1,0.48192220742572145,0
1509,0,0.47188427537822386,0
1510,0,0.4556230058591569,0
1511,1,0.47188427537822386,0
1512,1,0.692785821242723,1
1513,1,0.5947957564982934,1
1514,0,0.44995388555244,0
1515,0,0.5890600546113562,1
1516,1,0.47188427537822386,0
1517,1,0.4718251549602018,0
1518,1,0.6292191542976345,1
1519,1,0.66217458152003,1
1520,1,0.5008679887631045,1
1521,1,0.5243812664940652,1
1522,1,0.5584383334381322,1
1523,1,0.5243812664940652,1
1524,0,0.48666678827396403,0
1525,1,0.47188427537822386,0
1526,1,0.5565863264205589,1
1527,0,0.3800581276114467,0
1528,0,0.45694808402924747,0
1529,0,0.5620177658174265,1
1530,0,0.47188427537822386,0
1531,0,0.366514794381444,0
1532,1,0.5392071879663846,1
1533,0,0.49287052552903365,0
1534,0,0.47188427537822386,0
1535,0,0.45896688081151826,0
1536,1,0.6004829615489506,1
1537,0,0.47188427537822386,0
1538,0,0.47188427537822386,0
1539,0,0.47188427537822386,0
1540,0,0.48082710633173953,0
1541,0,0.47188427537822386,0
1542,0,0.47188427537822386,0
1543,1,0.4976661522431653,0
1544,1,0.5057419972919885,1
1545,0,0.567028820815285,1
1546,1,0.5120110936260249,1
1547,0,0.47188427537822386,0
1548,0,0.47188427537822386,0
1549,0,0.390471805874707,0
1550,0,0.47188427537822386,0
1551,1,0.6090035809656568,1
1552,1,0.47188427537822386,0
1553,0,0.4102931783482129,0
1554,1,0.5244351071013671,1
1555,1,0.5304531100242043,1
1556,1,0.47188427537822386,0
1557,1,0.5688767627178557,1
1558,1,0.47188427537822386,0
1559,1,0.47188427537822386,0
1560,1,0.42796822923397515,0
1561,0,0.36943907260787484,0
1562,1,0.660199319464594,1
1563,0,0.63618506128091,1
1564,0,0.47188427537822386,0
1565,1,0.47188427537822386,0
1566,0,0.47188427537822386,0
1567,0,0.3985452736837323,0
1568,1,0.41195579233129026,0
1569,0,0.47188427537822386,0
1570,1,0.47188427537822386,0
1571,0,0.47188427537822386,0
1572,0,0.47188427537822386,0
1573,1,0.3409350071205248,0
1574,0,0.4781055140930412,0
1575,0,0.47188427537822386,0
1576,0,0.4622603324323819,0
1577,0,0.5406037095544244,1
1578,0,0.47188427537822386,0
1579,1,0.47188427537822386,0
1580,1,0.5911154225498041,1
1581,0,0.47188427537822386,0
1582,0,0.47188427537822386,0
1583,1,0.48192220742572145,0
1584,0,0.4718886597066465,0
1585,1,0.47188427537822386,0
1586,0,0.47675574833649687,0
1587,0,0.47188427537822386,0
1588,0,0.5807081956213875,1
1589,1,0.47188427537822386,0
1590,0,0.4920843727683674,0
1591,0,0.48082710633173953,0
1592,1,0.37615210756793777,0
1593,0,0.5947957564982934,1
1594,1,0.6126068996999412,1
1595,0,0.47188427537822386,0
1596,0,0.5243812664940652,1
1597,1,0.5737701137172894,1
1598,0,0.45694808402924747,0
1599,1,0.6913472120031665,1
1600,1,0.6719069761827495,1
1601,0,0.47188427537822386,0
1602,0,0.40046122017474867,0
1603,1,0.39585748578074065,0
1604,0,0.536798096329383,1
1605,1,0.47188427537822386,0
1606,0,0.5898591125086879,1
1607,1,0.5660059482580513,1
1608,0,0.3645516102906313,0
1609,1,0.5243812664940652,1
1610,1,0.5243812664940652,1
1611,0,0.40296545196836214,0
1612,1,0.6252271419614284,1
1613,0,0.5357141063259354,1
1614,0,0.3792043233764008,0
1615,1,0.4883518842880349,0
1616,1,0.5058260443024492,1
1617,0,0.5911154225498041,1
1618,1,0.47188427537822386,0
1619,0,0.47188427537822386,0
1620,1,0.26151954921986786,0
1621,1,0.5614572729519608,1
1622,1,0.47188427537822386,0
1623,1,0.41949412387552476,0
1624,0,0.47188427537822386,0
1625,1,0.6090035809656568,1
1626,0,0.4341390004331253,0
1627,1,0.3826080950546199,0
1628,0,0.6523980184700195,1
1629,0,0.47188427537822386,0
1630,0,0.3136281546182262,0
1631,0,0.567028820815285,1
1632,1,0.47188427537822386,0
1633,1,0.47188427537822386,0
1634,1,0.47188427537822386,0
1635,1,0.4683812133083927,0
1636,1,0.47188427537822386,0
1637,1,0.5114682440426869,1
1638,0,0.4366531264743224,0
1639,1,0.47188427537822386,0
1640,0,0.5186688967838251,1
1641,0,0.6029257297996825,1
1642,0,0.4636018945337277,0
1643,0,0.3613523232204747,0
1644,0,0.45694808402924747,0
1645,1,0.4694616190806021,0
1646,1,0.8811191393769711,1
1647,1,0.47188427537822386,0
1648,0,0.4713414257948858,0
1649,1,0.47188427537822386,0
1650,0,0.5897615130571799,1
1651,1,0.3277351149822697,0
1652,0,0.6433185501114914,1
1653,0,0.47188427537822386,0
1654,0,0.47188427537822386,0
1655,0,0.5504560828065269,1
1656,1,0.47188427537822386,0
1657,1,0.47188427537822386,0
1658,0,0.47188427537822386,0
1659,0,0.3613523232204747,0
1660,1,0.6272341477141364,1
1661,1,0.47188427537822386,0
1662,0,0.3703247868208034,0
1663,0,0.5660059482580513,1
1664,1,0.4556230058591569,0
1665,1,0.47188427537822386,0
1666,0,0.47577498143388647,0
1667,1,0.47188427537822386,0
1668,0,0.47188427537822386,0
1669,1,0.4838828858172428,0
1670,0,0.3021771869827954,0
1671,1,0.5947957564982934,1
1672,0,0.47188427537822386,0
1673,0,0.3396596887767762,0
1674,0,0.35583691128538253,0
1675,0,0.5243812664940652,1
1676,0,0.47188427537822386,0
1677,1,0.33795277349686526,0
1678,1,0.5243812664940652,1
1679,1,0.5911154225498041,1
1680,0,0.5737701137172894,1
1681,0,0.7082912017829365,1
1682,1,0.390471805874707,0
1683,0,0.45782591515216126,0
1684,1,0.6996529285914991,1
1685,1,0.5911154225498041,1
1686,0,0.5244375700334902,1
1687,1,0.48082710633173953,0
1688,1,0.47199111499136626,0
1689,0,0.3733802564863735,0
1690,1,0.47188427537822386,0
1691,0,0.45694808402924747,0
1692,0,0.5947957564982934,1
1693,1,0.5898591125086879,1
1694,0,0.29720466567541337,0
1695,0,0.3395205598686226,0
1696,1,0.5711339539138257,1
1697,0,0.3784148257214549,0
1698,1,0.47188427537822386,0
1699,1,0.39686120512355694,0
1700,0,0.47188427537822386,0
1701,0,0.47188427537822386,0
1702,0,0.5947957564982934,1
1703,1,0.3141209117000623,0
1704,0,0.47188427537822386,0
1705,0,0.47188427537822386,0
1706,0,0.3969881599716945,0
1707,1,0.47188427537822386,0
1708,0,0.47188427537822386,0
1709,0,0.5243812664940652,1
1710,1,0.41875908908697346,0
1711,0,0.6842046000484175,1
1712,0,0.5902950776054181,1
1713,0,0.47188427537822386,0
1714,0,0.6086031099735006,1
1715,1,0.6053345397759711,1
1716,1,0.47188427537822386,0
1717,0,0.47188427537822386,0
1718,0,0.47188427537822386,0
1719,1,0.511467658148891,1
1720,0,0.47188427537822386,0
1721,0,0.5732891684375336,1
1722,0,0.42152224144992445,0
1723,1,0.47188427537822386,0
1724,0,0.45694808402924747,0
1725,0,0.4677430849559758,0
1726,0,0.47188427537822386,0
1727,0,0.47188427537822386,0
1728,1,0.44737091325336864,0
1729,0,0.35583691128538253,0
1730,1,0.5057419972919885,1
1731,0,0.3395205598686226,0
1732,0,0.23995764121346236,0
1733,1,0.5388854803944977,1
1734,1,0.47188427537822386,0
1735,1,0.44086148498180977,0
1736,1,0.47188427537822386,0
1737,0,0.5243812664940652,1
1738,1,0.5523265734519489,1
1739,0,0.4366531264743224,0
1740,1,0.5729766464343631,1
1741,1,0.3464229191726056,0
1742,1,0.47188427537822386,0
1743,1,0.5474892224754099,1
1744,1,0.567028820815285,1
1745,0,0.5186688967838251,1
1746,0,0.3124518215628319,0
1747,0,0.2275281096314663,0
1748,1,0.5737701137172894,1
1749,0,0.4367202945595617,0
1750,0,0.47188427537822386,0
1751,0,0.4677430849559758,0
1752,1,0.45782591515216126,0
1753,1,0.6204683583132513,1
1754,0,0.5397024329533185,1
1755,0,0.47220271378347245,0
1756,0,0.47188427537822386,0
1757,1,0.5947957564982934,1
1758,0,0.6632936595174492,1
1759,0,0.5143383885994578,1
1760,1,0.47188427537822386,0
1761,0,0.5231701770047019,1
1762,0,0.49442018290215634,0
1763,1,0.4366531264743224,0
1764,1,0.46951381603336556,0
1765,0,0.5737701137172894,1
1766,1,0.47188427537822386,0
1767,1,0.47188427537822386,0
1768,1,0.549562283636752,1
1769,1,0.5620177658174265,1
1770,1,0.4907714351918124,0
1771,0,0.3903644790134632,0
1772,0,0.30688766123810257,0
1773,0,0.47188427537822386,0
1774,0,0.567028820815285,1
1775,0,0.28403286722519405,0
1776,0,0.47188427537822386,0
1777,1,0.555833296574002,1
1778,0,0.5481416610016965,1
1779,0,0.48192220742572145,0
1780,1,0.45782591515216126,0
1781,0,0.5650732570729984,1
1782,1,0.5773469083935959,1
1783,0,0.4896488217938428,0
1784,0,0.38469024728904255,0
1785,0,0.48082710633173953,0
1786,1,0.47188427537822386,0
1787,1,0.5898591125086879,1
1788,0,0.47188427537822386,0
1789,0,0.45694808402924747,0
1790,0,0.48969628418760514,0
1791,1,0.5403821783973797,1
1792,0,0.43701890027267376,0
1793,0,0.3613523232204747,0
1794,0,0.47188427537822386,0
1795,0,0.47188427537822386,0
1796,1,0.47188427537822386,0
1797,1,0.5243812664940652,1
1798,0,0.38015072593621324,0
1799,0,0.47188427537822386,0
1800,1,0.49784056178976205,0
1801,0,0.29115701994680765,0
1802,0,0.47188427537822386,0
1803,0,0.467361252207224,0
1804,1,0.45782591515216126,0
1805,0,0.5621610381503837,1
1806,1,0.6786888402307503,1
1807,1,0.5874141444393368,1
1808,1,0.29900471950150603,0
1809,1,0.47143857230009345,0
1810,1,0.47188427537822386,0
1811,1,0.4662968997273049,0
1812,1,0.47188427537822386,0
1813,1,0.5021149998641259,1
1814,0,0.47188427537822386,0
1815,0,0.567028820815285,1
1816,1,0.5947957564982934,1
1817,0,0.5688861681703801,1
1818,0,0.47188427537822386,0
1819,1,0.3586053965147811,0
1820,0,0.5688861681703801,1
1821,1,0.47188427537822386,0
1822,0,0.47188427537822386,0
1823,1,0.5452370419161566,1
1824,0,0.45440104994040753,0
1825,1,0.47188427537822386,0
1826,1,0.45782591515216126,0
1827,1,0.47188427537822386,0
1828,1,0.7645294957986325,1
1829,0,0.5120110936260249,1
1830,0,0.3654743669638584,0
1831,0,0.47188427537822386,0
1832,1,0.4096133996562589,0
1833,0,0.5120110936260249,1
1834,1,0.7670818669106169,1
1835,1,0.49784056178976205,0
1836,1,0.4894825877242221,0
1837,0,0.4597997197268529,0
1838,0,0.463940857324523,0
1839,0,0.47188427537822386,0
1840,0,0.47188427537822386,0
1841,1,0.8400766773436493,1
1842,1,0.4607784972782581,0
1843,1,0.47188427537822386,0
1844,0,0.47188427537822386,0
1845,1,0.45088116882553747,0
1846,1,0.47675574833649687,0
1847,0,0.48355931689532883,0
1848,1,0.47188427537822386,0
1849,1,0.4719144633151203,0
1850,0,0.47345206174998117,0
1851,0,0.39198166640409193,0
1852,0,0.48082710633173953,0
1853,1,0.5120110936260249,1
1854,1,0.47188427537822386,0
1855,1,0.3725482236936764,0
1856,1,0.5911154225498041,1
1857,1,0.48082710633173953,0
1858,0,0.5243812664940652,1
1859,0,0.47188427537822386,0
1860,1,0.49483307410992555,0
1861,0,0.47188427537822386,0
1862,0,0.47188427537822386,0
1863,1,0.5584383334381322,1
1864,1,0.47188427537822386,0
1865,1,0.30201618827982957,0
1866,0,0.47188427537822386,0
1867,0,0.47188427537822386,0
1868,1,0.47188427537822386,0
1869,1,0.47188427537822386,0
1870,0,0.5898591125086879,1
1871,1,0.5521379860947148,1
1872,1,0.48666678827396403,0
1873,0,0.47188427537822386,0
1874,0,0.40891246590229086,0
1875,1,0.4894825877242221,0
1876,1,0.5923323768335808,1
1877,0,0.45601572506730775,0
1878,1,0.7409382591189156,1
1879,0,0.47188427537822386,0
1880,0,0.47188427537822386,0
1881,0,0.5614917108772975,1
1882,0,0.47188427537822386,0
1883,0,0.26735753226407344,0
1884,0,0.5897744111971872,1
1885,0,0.5898591125086879,1
1886,1,0.4839657143599892,0
1887,0,0.5660059482580513,1
1888,1,0.6852097550268306,1
1889,1,0.544320892308932,1
1890,1,0.6819268180093647,1
1891,0,0.5243812664940652,1
1892,1,0.6109389201072896,1
1893,1,0.47188427537822386,0
1894,0,0.5207829113894917,1
1895,0,0.47675574833649687,0
1896,0,0.47188427537822386,0
1897,0,0.47188427537822386,0
1898,1,0.34797754024214234,0
1899,0,0.47188427537822386,0
1900,1,0.6546297711110713,1
1901,1,0.5947957564982934,1
1902,0,0.19420664824780237,0
1903,0,0.47188427537822386,0
1904,0,0.45694808402924747,0
1905,1,0.47188427537822386,0
1906,0,0.42403722581276015,0
1907,0,0.5614917108772975,1
1908,1,0.47188427537822386,0
1909,0,0.44086148498180977,0
1910,0,0.49036328647736,0
1911,0,0.0,0
1912,0,0.44047642294330014,0
1913,0,0.5947957564982934,1
1914,1,0.5960719833164394,1
1915,0,0.47188427537822386,0
1916,0,0.4833033864080767,0
1917,0,0.5182678096259675,1
1918,0,0.47188427537822386,0
1919,1,0.47188427537822386,0
1920,1,0.47188427537822386,0
1921,1,0.5807081956213875,1
1922,0,0.5614917108772975,1
1923,0,0.41195579233129026,0
1924,1,0.47188427537822386,0
1925,1,0.47188427537822386,0
1926,1,0.5243812664940652,1
1927,0,0.47188427537822386,0
1928,0,0.3887988209739252,0
1929,0,0.47188427537822386,0
1930,1,0.47188427537822386,0
1931,0,0.3395205598686226,0
1932,1,0.5948037124930974,1
1933,0,0.3840313987735382,0
1934,0,0.47188427537822386,0
1935,1,0.47188427537822386,0
1936,1,0.5620177658174265,1
1937,1,0.4906235533835791,0
1938,1,0.47188427537822386,0
1939,1,0.4822451593289599,0
1940,1,0.6400049718748866,1
1941,0,0.38631233712507107,0
1942,0,0.5707146440517192,1
1943,0,0.45782591515216126,0
1944,0,0.3640707157402881,0
1945,0,0.47188427537822386,0
1946,0,0.5397678132266744,1
1947,1,0.4726987754215807,0
1948,1,0.2978749978575815,0
1949,1,0.4713414257948858,0
1950,0,0.4677430849559758,0
1951,0,0.5243812664940652,1
1952,1,0.723751322245879,1
1953,0,0.47188427537822386,0
1954,0,0.3140706762871357,0
1955,1,0.5559173435844627,1
1956,0,0.47188427537822386,0
1957,0,0.41195579233129026,0
1958,1,0.5616175210236787,1
1959,0,0.6086031099735006,1
1960,0,0.47188427537822386,0
1961,0,0.4391371087984631,0
1962,1,0.4996409949788734,0
1963,0,0.5243812664940652,1
1964,0,0.30465569101789747,0
1965,1,0.5620177658174265,1
1966,0,0.46433656152257574,0
1967,1,0.47188427537822386,0
1968,0,0.4366531264743224,0
1969,1,0.5243812664940652,1
1970,1,0.37206066721348185,0
1971,1,0.5807081956213875,1
1972,1,0.6086031099735006,1
1973,0,0.5683339131345176,1
1974,1,0.47188427537822386,0
1975,0,0.37452603754696595,0
1976,1,0.47188427537822386,0
1977,0,0.47188427537822386,0
1978,1,0.5614917108772975,1
1979,1,0.5898591125086879,1
1980,0,0.47188427537822386,0
1981,1,0.5114682440426869,1
1982,1,0.47188427537822386,0
1983,1,0.48082710633173953,0
1984,0,0.5243812664940652,1
1985,0,0.5134864079401718,1
1986,0,0.47188427537822386,0
1987,0,0.5583570258229534,1
1988,1,0.5120110936260249,1
1989,1,0.6855576217103636,1
1990,1,0.3424152867261816,0
1991,0,0.5807081956213875,1
1992,0,0.47188427537822386,0
1993,0,0.3613523232204747,0
1994,1,0.4638864029892582,0
1995,1,0.47188427537822386,0
1996,1,0.452272061387588,0
1997,1,0.3395205598686226,0
1998,1,0.47188427537822386,0
1999,1,0.48867341163037126,0
