row_id,row_label,oof_score,oof_pred_label,final_score,predicted_label
0,0,0.62,1,0.17,0
1,1,0.52,1,0.82,1
2,1,0.48,0,0.79,1
3,0,0.33,0,0.15,0
4,0,0.53,1,0.21,0
5,1,0.47,0,0.9,1
6,1,0.71,1,0.88,1
7,1,0.59,1,0.85,1
8,1,0.46,0,0.79,1
9,1,0.39,0,0.74,1
10,1,0.41,0,0.77,1
11,0,0.41,0,0.19,0
12,0,0.7,1,0.28,0
13,0,0.54,1,0.17,0
14,0,0.37,0,0.11,0
15,1,0.57,1,0.81,1
16,0,0.39,0,0.13,0
17,0,0.51,1,0.23,0
18,0,0.42,0,0.21,0
19,0,0.54,1,0.26,0
20,0,0.43,0,0.16,0
21,1,0.61,1,0.91,1
22,0,0.49,0,0.08,0
23,1,0.46,0,0.75,1
24,0,0.4,0,0.12,0
25,0,0.51,1,0.24,0
26,1,0.58,1,0.81,1
27,0,0.5,1,0.24,0
28,0,0.5,1,0.18,0
29,0,0.41,0,0.12,0
30,1,0.36,0,0.72,1
31,1,0.52,1,0.88,1
32,1,0.46,0,0.8,1
33,0,0.55,1,0.19,0
34,1,0.62,1,0.89,1
35,0,0.48,0,0.14,0
36,1,0.91,1,0.88,1
37,1,0.8,1,0.9,1
38,1,0.7,1,0.87,1
39,1,0.73,1,0.86,1
40,0,0.51,1,0.21,0
41,1,0.41,0,0.74,1
42,0,0.43,0,0.14,0
43,1,0.65,1,0.81,1
44,1,0.64,1,0.92,1
45,0,0.4,0,0.08,0
46,1,0.41,0,0.83,1
47,0,0.47,0,0.11,0
48,0,0.68,1,0.2,0
49,1,0.47,0,0.76,1
50,0,0.57,1,0.23,0
51,0,0.49,0,0.22,0
52,1,0.49,0,0.84,1
53,1,0.76,1,0.93,1
54,1,0.38,0,0.82,1
55,1,0.5,1,0.87,1
56,1,0.38,0,0.72,1
57,0,0.39,0,0.2,0
58,1,0.56,1,0.92,1
59,0,0.28,0,0.03,0
60,0,0.19,0,0.08,0
61,0,0.61,1,0.15,0
62,1,0.54,1,0.84,1
63,0,0.38,0,0.15,0
64,0,0.24,0,0.08,0
65,1,0.46,0,0.88,1
66,0,0.61,1,0.2,0
67,1,0.53,1,0.81,1
68,1,0.47,0,0.81,1
69,0,0.51,1,0.21,0
70,1,0.67,1,0.82,1
71,0,0.52,1,0.14,0
72,1,0.61,1,0.91,1
73,0,0.53,1,0.2,0
74,0,0.61,1,0.23,0
75,1,0.54,1,0.85,1
76,1,0.54,1,0.87,1
77,1,0.5,1,0.78,1
78,0,0.69,1,0.2,0
79,1,0.68,1,0.92,1
80,1,0.66,1,0.86,1
81,0,0.51,1,0.25,0
82,1,0.44,0,0.85,1
83,1,0.49,0,0.86,1
84,0,0.47,0,0.18,0
85,0,0.43,0,0.15,0
86,1,0.81,1,0.9,1
87,0,0.36,0,0.11,0
88,0,0.43,0,0.23,0
89,1,0.71,1,0.86,1
90,1,0.74,1,0.87,1
91,1,0.72,1,0.85,1
92,1,0.61,1,0.85,1
93,1,0.83,1,0.94,1
94,1,0.39,0,0.87,1
95,0,0.22,0,0.14,0
96,0,0.58,1,0.17,0
97,0,0.42,0,0.14,0
98,0,0.42,0,0.18,0
99,0,0.52,1,0.16,0
100,0,0.56,1,0.15,0
101,0,0.32,0,0.09,0
102,0,0.48,0,0.17,0
103,1,0.41,0,0.87,1
104,1,0.59,1,0.83,1
105,0,0.57,1,0.2,0
106,0,0.53,1,0.2,0
107,1,0.52,1,0.82,1
108,1,0.54,1,0.79,1
109,1,0.4,0,0.8,1
110,1,0.35,0,0.73,1
111,1,0.55,1,0.78,1
112,1,0.5,1,0.78,1
113,1,0.61,1,0.9,1
114,1,0.57,1,0.84,1
115,1,0.27,0,0.76,1
116,0,0.54,1,0.24,0
117,0,0.46,0,0.13,0
118,1,0.72,1,0.88,1
119,1,0.73,1,0.87,1
120,0,0.32,0,0.08,0
121,1,0.71,1,0.9,1
122,0,0.5,1,0.2,0
123,0,0.54,1,0.26,0
124,0,0.57,1,0.25,0
125,1,0.59,1,0.86,1
126,0,0.68,1,0.3,0
127,0,0.51,1,0.12,0
128,1,0.6,1,0.83,1
129,1,0.45,0,0.8,1
130,0,0.53,1,0.21,0
131,0,0.43,0,0.25,0
132,1,0.78,1,0.86,1
133,1,0.36,0,0.75,1
134,1,0.47,0,0.81,1
135,1,0.69,1,0.84,1
136,0,0.43,0,0.2,0
137,1,0.56,1,0.8,1
138,0,0.61,1,0.21,0
139,1,0.47,0,0.88,1
140,0,0.41,0,0.14,0
141,0,0.61,1,0.16,0
142,1,0.35,0,0.72,1
143,0,0.5,1,0.12,0
144,1,0.66,1,0.86,1
145,1,0.48,0,0.85,1
146,1,0.47,0,0.82,1
147,0,0.5,1,0.21,0
148,1,0.45,0,0.89,1
149,0,0.3,0,0.12,0
150,0,0.74,1,0.3,0
151,1,0.71,1,0.91,1
152,1,0.76,1,0.9,1
153,1,0.35,0,0.71,1
154,0,0.31,0,0.1,0
155,0,0.43,0,0.16,0
156,1,0.6,1,0.84,1
157,1,0.53,1,0.85,1
158,0,0.44,0,0.18,0
159,1,0.68,1,0.91,1
160,0,0.23,0,0.11,0
161,1,0.42,0,0.82,1
162,0,0.56,1,0.16,0
163,0,0.43,0,0.23,0
164,0,0.69,1,0.3,0
165,0,0.48,0,0.2,0
166,0,0.35,0,0.11,0
167,0,0.29,0,0.11,0
168,1,0.57,1,0.85,1
169,1,0.69,1,0.9,1
170,1,0.75,1,0.87,1
171,0,0.35,0,0.11,0
172,1,0.64,1,0.88,1
173,1,0.64,1,0.87,1
174,1,0.5,1,0.9,1
175,0,0.39,0,0.1,0
176,0,0.5,1,0.2,0
177,1,0.55,1,0.78,1
178,1,0.68,1,0.83,1
179,1,0.5,1,0.77,1
180,1,0.59,1,0.77,1
181,1,0.44,0,0.71,1
182,0,0.42,0,0.24,0
183,1,0.63,1,0.84,1
184,1,0.52,1,0.86,1
185,0,0.47,0,0.24,0
186,0,0.38,0,0.23,0
187,0,0.45,0,0.17,0
188,1,0.48,0,0.85,1
189,1,0.44,0,0.72,1
190,0,0.39,0,0.22,0
191,1,0.81,1,0.91,1
192,1,0.68,1,0.83,1
193,0,0.42,0,0.15,0
194,1,0.51,1,0.84,1
195,0,0.59,1,0.24,0
196,1,0.66,1,0.82,1
197,0,0.29,0,0.12,0
198,0,0.53,1,0.25,0
199,0,0.49,0,0.12,0
200,1,0.68,1,0.81,1
201,1,0.66,1,0.95,1
202,0,0.4,0,0.15,0
203,0,0.35,0,0.16,0
204,1,0.69,1,0.88,1
205,1,0.36,0,0.75,1
206,0,0.34,0,0.1,0
207,0,0.4,0,0.1,0
208,1,0.63,1,0.81,1
209,0,0.14,0,0.07,0
210,1,0.57,1,0.9,1
211,0,0.4,0,0.14,0
212,1,0.57,1,0.92,1
213,0,0.33,0,0.15,0
214,1,0.46,0,0.72,1
215,1,0.51,1,0.8,1
216,1,0.52,1,0.84,1
217,1,0.56,1,0.73,1
218,0,0.31,0,0.14,0
219,1,0.47,0,0.78,1
220,1,0.65,1,0.9,1
221,0,0.3,0,0.11,0
222,1,0.45,0,0.82,1
223,0,0.43,0,0.14,0
224,0,0.32,0,0.11,0
225,1,0.61,1,0.87,1
226,1,0.59,1,0.85,1
227,0,0.55,1,0.23,0
228,1,0.44,0,0.78,1
229,0,0.45,0,0.15,0
230,1,0.57,1,0.87,1
231,1,0.66,1,0.82,1
232,1,0.37,0,0.7,1
233,1,0.54,1,0.91,1
234,0,0.45,0,0.19,0
235,0,0.55,1,0.19,0
236,1,0.6,1,0.87,1
237,1,0.18,0,0.79,1
238,0,0.34,0,0.14,0
239,0,0.54,1,0.19,0
240,0,0.38,0,0.16,0
241,0,0.52,1,0.14,0
242,1,0.75,1,0.87,1
243,0,0.61,1,0.19,0
244,0,0.55,1,0.25,0
245,1,0.82,1,0.91,1
246,1,0.59,1,0.85,1
247,0,0.32,0,0.04,0
248,1,0.39,0,0.75,1
249,1,0.59,1,0.88,1
250,1,0.38,0,0.77,1
251,1,0.44,0,0.86,1
252,0,0.56,1,0.21,0
253,0,0.47,0,0.15,0
254,1,0.53,1,0.85,1
255,0,0.34,0,0.13,0
256,0,0.33,0,0.19,0
257,0,0.33,0,0.12,0
258,0,0.55,1,0.25,0
259,1,0.48,0,0.79,1
260,1,0.51,1,0.87,1
261,1,0.53,1,0.8,1
262,0,0.44,0,0.21,0
263,0,0.24,0,0.15,0
264,1,0.44,0,0.82,1
265,1,0.57,1,0.82,1
266,0,0.63,1,0.24,0
267,1,0.72,1,0.9,1
268,0,0.33,0,0.02,0
269,1,0.69,1,0.89,1
270,0,0.45,0,0.22,0
271,0,0.51,1,0.17,0
272,1,0.53,1,0.84,1
273,1,0.59,1,0.82,1
274,0,0.56,1,0.24,0
275,1,0.44,0,0.8,1
276,0,0.4,0,0.23,0
277,1,0.44,0,0.77,1
278,1,0.32,0,0.85,1
279,1,0.55,1,0.73,1
280,0,0.45,0,0.17,0
281,1,0.74,1,0.86,1
282,1,0.53,1,0.86,1
283,1,0.53,1,0.79,1
284,1,0.81,1,0.9,1
285,1,0.84,1,0.9,1
286,1,0.31,0,0.81,1
287,0,0.31,0,0.12,0
288,0,0.46,0,0.12,0
289,1,0.14,0,0.72,1
290,1,0.49,0,0.77,1
291,0,0.46,0,0.19,0
292,1,0.48,0,0.81,1
293,0,0.63,1,0.36,0
294,0,0.36,0,0.22,0
295,1,0.53,1,0.78,1
296,1,0.76,1,0.91,1
297,1,0.5,1,0.84,1
298,1,0.5,1,0.86,1
299,1,0.64,1,0.88,1
300,1,0.69,1,0.86,1
301,1,0.57,1,0.88,1
302,1,0.29,0,0.77,1
303,0,0.39,0,0.13,0
304,0,0.51,1,0.2,0
305,1,0.7,1,0.87,1
306,1,0.44,0,0.78,1
307,0,0.44,0,0.17,0
308,1,0.55,1,0.91,1
309,0,0.43,0,0.08,0
310,0,0.53,1,0.19,0
311,1,0.76,1,0.9,1
312,0,0.63,1,0.22,0
313,1,0.71,1,0.88,1
314,1,0.38,0,0.75,1
315,0,0.67,1,0.24,0
316,1,0.36,0,0.67,1
317,0,0.6,1,0.24,0
318,0,0.54,1,0.16,0
319,0,0.32,0,0.15,0
320,0,0.51,1,0.16,0
321,0,0.57,1,0.13,0
322,0,0.32,0,0.13,0
323,0,0.44,0,0.24,0
324,1,0.52,1,0.91,1
325,0,0.46,0,0.22,0
326,0,0.44,0,0.16,0
327,0,0.48,0,0.24,0
328,1,0.65,1,0.85,1
329,0,0.6,1,0.18,0
330,1,0.37,0,0.86,1
331,1,0.47,0,0.89,1
332,1,0.59,1,0.84,1
333,0,0.43,0,0.17,0
334,0,0.33,0,0.17,0
335,0,0.49,0,0.17,0
336,1,0.61,1,0.78,1
337,1,0.42,0,0.72,1
338,1,0.59,1,0.86,1
339,0,0.34,0,0.21,0
340,1,0.4,0,0.85,1
341,1,0.6,1,0.74,1
342,1,0.18,0,0.81,1
343,1,0.65,1,0.86,1
344,0,0.31,0,0.13,0
345,1,0.53,1,0.86,1
346,0,0.26,0,0.1,0
347,0,0.41,0,0.17,0
348,1,0.68,1,0.85,1
349,1,0.79,1,0.95,1
350,1,0.71,1,0.88,1
351,1,0.49,0,0.73,1
352,1,0.65,1,0.91,1
353,1,0.48,0,0.79,1
354,0,0.27,0,0.18,0
355,1,0.55,1,0.86,1
356,0,0.33,0,0.09,0
357,0,0.39,0,0.14,0
358,0,0.57,1,0.17,0
359,1,0.37,0,0.81,1
360,1,0.34,0,0.77,1
361,1,0.89,1,0.96,1
362,1,0.75,1,0.86,1
363,0,0.67,1,0.22,0
364,0,0.32,0,0.15,0
365,0,0.46,0,0.18,0
366,0,0.24,0,0.13,0
367,0,0.57,1,0.26,0
368,1,0.59,1,0.85,1
369,1,0.77,1,0.93,1
370,0,0.4,0,0.14,0
371,1,0.59,1,0.91,1
372,0,0.46,0,0.26,0
373,0,0.52,1,0.17,0
374,0,0.48,0,0.16,0
375,1,0.5,1,0.87,1
376,1,0.51,1,0.82,1
377,0,0.46,0,0.21,0
378,0,0.48,0,0.14,0
379,0,0.47,0,0.15,0
380,1,0.54,1,0.82,1
381,1,0.47,0,0.84,1
382,0,0.41,0,0.17,0
383,1,0.58,1,0.81,1
384,1,0.55,1,0.8,1
385,1,0.72,1,0.81,1
386,1,0.59,1,0.88,1
387,0,0.42,0,0.06,0
388,1,0.56,1,0.84,1
389,0,0.51,1,0.2,0
390,0,0.4,0,0.14,0
391,0,0.27,0,0.11,0
392,0,0.18,0,0.05,0
393,0,0.45,0,0.16,0
394,0,0.27,0,0.15,0
395,1,0.56,1,0.91,1
396,1,0.6,1,0.82,1
397,0,0.43,0,0.21,0
398,1,0.5,1,0.88,1
399,1,0.55,1,0.85,1
400,0,0.65,1,0.29,0
401,0,0.33,0,0.13,0
402,0,0.56,1,0.14,0
403,0,0.53,1,0.2,0
404,1,0.55,1,0.82,1
405,1,0.63,1,0.9,1
406,0,0.43,0,0.21,0
407,0,0.42,0,0.1,0
408,0,0.43,0,0.15,0
409,1,0.75,1,0.92,1
410,1,0.58,1,0.86,1
411,0,0.48,0,0.21,0
412,1,0.57,1,0.84,1
413,0,0.39,0,0.14,0
414,0,0.37,0,0.16,0
415,1,0.48,0,0.81,1
416,1,0.73,1,0.95,1
417,0,0.31,0,0.13,0
418,0,0.43,0,0.22,0
419,1,0.57,1,0.84,1
420,0,0.6,1,0.27,0
421,1,0.76,1,0.86,1
422,0,0.26,0,0.05,0
423,1,0.51,1,0.82,1
424,1,0.49,0,0.82,1
425,0,0.38,0,0.12,0
426,1,0.58,1,0.78,1
427,1,0.69,1,0.9,1
428,0,0.46,0,0.1,0
429,1,0.72,1,0.89,1
430,0,0.31,0,0.16,0
431,1,0.42,0,0.76,1
432,0,0.54,1,0.13,0
433,1,0.45,0,0.78,1
434,0,0.37,0,0.13,0
435,1,0.51,1,0.8,1
436,0,0.63,1,0.23,0
437,1,0.64,1,0.83,1
438,0,0.3,0,0.14,0
439,0,0.34,0,0.14,0
440,1,0.41,0,0.8,1
441,0,0.21,0,0.15,0
442,1,0.7,1,0.81,1
443,0,0.34,0,0.1,0
444,0,0.48,0,0.19,0
445,1,0.59,1,0.84,1
446,0,0.55,1,0.21,0
447,0,0.39,0,0.13,0
448,1,0.47,0,0.87,1
449,0,0.4,0,0.16,0
450,1,0.53,1,0.79,1
451,0,0.3,0,0.07,0
452,1,0.49,0,0.86,1
453,1,0.31,0,0.69,1
454,0,0.44,0,0.16,0
455,1,0.56,1,0.88,1
456,1,0.74,1,0.87,1
457,0,0.42,0,0.1,0
458,1,0.57,1,0.87,1
459,1,0.53,1,0.85,1
460,1,0.58,1,0.73,1
461,0,0.33,0,0.16,0
462,0,0.41,0,0.11,0
463,0,0.54,1,0.18,0
464,0,0.23,0,0.09,0
465,1,0.52,1,0.8,1
466,0,0.27,0,0.09,0
467,0,0.39,0,0.15,0
468,0,0.49,0,0.15,0
469,0,0.51,1,0.22,0
470,0,0.52,1,0.14,0
471,0,0.5,1,0.16,0
472,1,0.48,0,0.82,1
473,1,0.64,1,0.87,1
474,1,0.82,1,0.96,1
475,0,0.43,0,0.22,0
476,0,0.39,0,0.12,0
477,0,0.48,0,0.15,0
478,1,0.38,0,0.73,1
479,0,0.47,0,0.19,0
480,0,0.65,1,0.27,0
481,0,0.32,0,0.06,0
482,1,0.65,1,0.93,1
483,0,0.35,0,0.11,0
484,1,0.54,1,0.81,1
485,1,0.62,1,0.81,1
486,0,0.35,0,0.12,0
487,0,0.43,0,0.1,0
488,1,0.41,0,0.87,1
489,1,0.63,1,0.88,1
490,1,0.64,1,0.88,1
491,0,0.36,0,0.25,0
492,1,0.74,1,0.94,1
493,0,0.52,1,0.2,0
494,1,0.57,1,0.86,1
495,1,0.5,1,0.82,1
496,1,0.64,1,0.83,1
497,1,0.62,1,0.79,1
498,0,0.53,1,0.16,0
499,1,0.55,1,0.77,1
500,1,0.66,1,0.88,1
501,0,0.55,1,0.3,0
502,1,0.71,1,0.91,1
503,1,0.7,1,0.84,1
504,1,0.38,0,0.78,1
505,1,0.35,0,0.77,1
506,0,0.45,0,0.14,0
507,0,0.5,1,0.21,0
508,0,0.36,0,0.11,0
509,1,0.42,0,0.82,1
510,0,0.31,0,0.1,0
511,1,0.55,1,0.84,1
512,0,0.52,1,0.16,0
513,1,0.37,0,0.76,1
514,1,0.53,1,0.78,1
515,0,0.63,1,0.21,0
516,0,0.45,0,0.12,0
517,1,0.37,0,0.79,1
518,1,0.42,0,0.85,1
519,1,0.49,0,0.79,1
520,1,0.62,1,0.91,1
521,1,0.79,1,0.92,1
522,1,0.7,1,0.88,1
523,0,0.48,0,0.21,0
524,1,0.44,0,0.88,1
525,1,0.46,0,0.84,1
526,1,0.58,1,0.85,1
527,1,0.37,0,0.85,1
528,0,0.56,1,0.36,0
529,1,0.57,1,0.88,1
530,0,0.58,1,0.2,0
531,0,0.5,1,0.19,0
532,0,0.49,0,0.27,0
533,0,0.27,0,0.11,0
534,0,0.29,0,0.11,0
535,0,0.46,0,0.11,0
536,0,0.45,0,0.15,0
537,0,0.59,1,0.15,0
538,0,0.3,0,0.08,0
539,1,0.73,1,0.91,1
540,1,0.52,1,0.84,1
541,0,0.47,0,0.28,0
542,0,0.41,0,0.1,0
543,1,0.49,0,0.85,1
544,1,0.68,1,0.85,1
545,1,0.51,1,0.85,1
546,1,0.62,1,0.83,1
547,0,0.45,0,0.19,0
548,0,0.71,1,0.29,0
549,1,0.4,0,0.76,1
550,1,0.62,1,0.83,1
551,0,0.25,0,0.06,0
552,0,0.55,1,0.19,0
553,0,0.52,1,0.22,0
554,0,0.33,0,0.22,0
555,0,0.56,1,0.15,0
556,0,0.3,0,0.15,0
557,0,0.47,0,0.12,0
558,1,0.76,1,0.84,1
559,0,0.32,0,0.1,0
560,0,0.48,0,0.25,0
561,0,0.54,1,0.13,0
562,1,0.5,1,0.83,1
563,0,0.38,0,0.17,0
564,0,0.33,0,0.09,0
565,1,0.66,1,0.9,1
566,1,0.46,0,0.77,1
567,1,0.45,0,0.75,1
568,0,0.55,1,0.16,0
569,1,0.61,1,0.88,1
570,1,0.56,1,0.83,1
571,1,0.35,0,0.76,1
572,1,0.58,1,0.8,1
573,0,0.34,0,0.15,0
574,1,0.52,1,0.81,1
575,0,0.45,0,0.19,0
576,1,0.82,1,0.94,1
577,0,0.42,0,0.1,0
578,1,0.62,1,0.86,1
579,1,0.67,1,0.87,1
580,0,0.5,1,0.2,0
581,1,0.6,1,0.82,1
582,1,0.53,1,0.81,1
583,0,0.34,0,0.11,0
584,0,0.28,0,0.12,0
585,1,0.74,1,0.83,1
586,1,0.52,1,0.8,1
587,1,0.64,1,0.85,1
588,1,0.54,1,0.76,1
589,1,0.65,1,0.87,1
590,1,0.73,1,0.87,1
591,0,0.42,0,0.13,0
592,0,0.35,0,0.09,0
593,1,0.42,0,0.74,1
594,1,0.62,1,0.83,1
595,0,0.43,0,0.1,0
596,0,0.27,0,0.15,0
597,0,0.81,1,0.23,0
598,1,0.51,1,0.85,1
599,0,0.47,0,0.18,0
600,0,0.46,0,0.15,0
601,0,0.52,1,0.22,0
602,0,0.17,0,0.04,0
603,1,0.67,1,0.88,1
604,0,0.48,0,0.21,0
605,1,0.71,1,0.85,1
606,1,0.45,0,0.88,1
607,1,0.53,1,0.79,1
608,0,0.52,1,0.17,0
609,1,0.66,1,0.76,1
610,1,0.47,0,0.78,1
611,1,0.56,1,0.85,1
612,0,0.59,1,0.26,0
613,1,0.69,1,0.88,1
614,1,0.6,1,0.83,1
615,0,0.67,1,0.16,0
616,0,0.23,0,0.13,0
617,1,0.52,1,0.78,1
618,1,0.5,1,0.78,1
619,1,0.74,1,0.87,1
620,0,0.64,1,0.29,0
621,0,0.55,1,0.14,0
622,1,0.44,0,0.84,1
623,0,0.3,0,0.12,0
624,0,0.19,0,0.07,0
625,0,0.75,1,0.28,0
626,1,0.52,1,0.87,1
627,1,0.62,1,0.86,1
628,0,0.3,0,0.09,0
629,1,0.64,1,0.92,1
630,0,0.37,0,0.18,0
631,1,0.64,1,0.91,1
632,1,0.68,1,0.9,1
633,1,0.34,0,0.71,1
634,0,0.22,0,0.15,0
635,0,0.62,1,0.15,0
636,0,0.44,0,0.12,0
637,1,0.51,1,0.75,1
638,1,0.74,1,0.91,1
639,1,0.61,1,0.8,1
640,1,0.55,1,0.84,1
641,1,0.68,1,0.89,1
642,1,0.48,0,0.77,1
643,1,0.51,1,0.74,1
644,1,0.41,0,0.87,1
645,1,0.64,1,0.86,1
646,0,0.55,1,0.22,0
647,0,0.33,0,0.19,0
648,1,0.58,1,0.83,1
649,0,0.53,1,0.18,0
650,0,0.26,0,0.11,0
651,1,0.63,1,0.81,1
652,0,0.64,1,0.18,0
653,1,0.58,1,0.8,1
654,0,0.51,1,0.21,0
655,1,0.65,1,0.86,1
656,0,0.47,0,0.11,0
657,0,0.42,0,0.11,0
658,1,0.57,1,0.86,1
659,0,0.62,1,0.3,0
660,0,0.45,0,0.2,0
661,1,0.47,0,0.86,1
662,0,0.43,0,0.25,0
663,0,0.4,0,0.25,0
664,0,0.42,0,0.16,0
665,1,0.78,1,0.9,1
666,1,0.62,1,0.8,1
667,0,0.31,0,0.08,0
668,1,0.45,0,0.85,1
669,0,0.29,0,0.09,0
670,1,0.54,1,0.83,1
671,0,0.52,1,0.18,0
672,1,0.35,0,0.81,1
673,1,0.2,0,0.7,1
674,1,0.43,0,0.78,1
675,0,0.43,0,0.13,0
676,0,0.34,0,0.21,0
677,1,0.46,0,0.73,1
678,1,0.67,1,0.94,1
679,0,0.55,1,0.21,0
680,0,0.43,0,0.17,0
681,1,0.69,1,0.91,1
682,0,0.54,1,0.18,0
683,1,0.49,0,0.75,1
684,1,0.44,0,0.8,1
685,1,0.53,1,0.83,1
686,1,0.55,1,0.81,1
687,1,0.36,0,0.83,1
688,0,0.44,0,0.15,0
689,1,0.57,1,0.87,1
690,0,0.42,0,0.14,0
691,0,0.44,0,0.29,0
692,0,0.45,0,0.1,0
693,0,0.23,0,0.1,0
694,0,0.73,1,0.16,0
695,0,0.45,0,0.1,0
696,0,0.47,0,0.15,0
697,0,0.62,1,0.18,0
698,0,0.65,1,0.23,0
699,1,0.61,1,0.81,1
700,1,0.52,1,0.82,1
701,0,0.38,0,0.14,0
702,1,0.68,1,0.86,1
703,1,0.51,1,0.83,1
704,0,0.68,1,0.18,0
705,0,0.27,0,0.07,0
706,1,0.5,1,0.84,1
707,0,0.28,0,0.14,0
708,0,0.71,1,0.22,0
709,0,0.6,1,0.21,0
710,0,0.27,0,0.19,0
711,1,0.41,0,0.78,1
712,0,0.62,1,0.21,0
713,1,0.63,1,0.88,1
714,1,0.74,1,0.95,1
715,1,0.68,1,0.9,1
716,0,0.56,1,0.24,0
717,0,0.28,0,0.06,0
718,0,0.35,0,0.16,0
719,0,0.38,0,0.1,0
720,0,0.58,1,0.15,0
721,0,0.29,0,0.13,0
722,0,0.36,0,0.1,0
723,1,0.61,1,0.86,1
724,0,0.69,1,0.17,0
725,1,0.55,1,0.84,1
726,0,0.33,0,0.16,0
727,0,0.55,1,0.19,0
728,0,0.45,0,0.18,0
729,0,0.37,0,0.19,0
730,1,0.41,0,0.71,1
731,1,0.39,0,0.88,1
732,1,0.5,1,0.89,1
733,1,0.43,0,0.82,1
734,0,0.44,0,0.1,0
735,1,0.47,0,0.79,1
736,1,0.85,1,0.94,1
737,0,0.45,0,0.11,0
738,1,0.44,0,0.81,1
739,0,0.42,0,0.14,0
740,1,0.5,1,0.83,1
741,1,0.38,0,0.75,1
742,0,0.55,1,0.24,0
743,0,0.44,0,0.11,0
744,1,0.53,1,0.8,1
745,0,0.41,0,0.16,0
746,0,0.58,1,0.26,0
747,1,0.72,1,0.89,1
748,1,0.67,1,0.88,1
749,1,0.51,1,0.81,1
750,0,0.14,0,0.14,0
751,1,0.46,0,0.8,1
752,1,0.56,1,0.87,1
753,0,0.44,0,0.2,0
754,0,0.41,0,0.17,0
755,0,0.43,0,0.16,0
756,0,0.58,1,0.23,0
757,0,0.42,0,0.16,0
758,0,0.4,0,0.12,0
759,1,0.58,1,0.89,1
760,0,0.55,1,0.22,0
761,1,0.7,1,0.89,1
762,1,0.47,0,0.84,1
763,1,0.49,0,0.88,1
764,1,0.57,1,0.82,1
765,1,0.56,1,0.8,1
766,1,0.53,1,0.88,1
767,0,0.37,0,0.14,0
768,0,0.56,1,0.1,0
769,1,0.48,0,0.78,1
770,0,0.6,1,0.21,0
771,0,0.35,0,0.1,0
772,0,0.44,0,0.2,0
773,0,0.39,0,0.2,0
774,1,0.51,1,0.83,1
775,1,0.53,1,0.77,1
776,0,0.59,1,0.22,0
777,0,0.48,0,0.17,0
778,1,0.76,1,0.92,1
779,0,0.47,0,0.19,0
780,1,0.54,1,0.89,1
781,0,0.41,0,0.2,0
782,1,0.76,1,0.89,1
783,0,0.48,0,0.11,0
784,0,0.16,0,0.06,0
785,0,0.49,0,0.24,0
786,0,0.38,0,0.16,0
787,1,0.44,0,0.81,1
788,0,0.33,0,0.12,0
789,0,0.34,0,0.18,0
790,1,0.82,1,0.95,1
791,0,0.53,1,0.14,0
792,1,0.29,0,0.81,1
793,1,0.59,1,0.77,1
794,0,0.5,1,0.1,0
795,0,0.46,0,0.19,0
796,1,0.67,1,0.93,1
797,1,0.79,1,0.92,1
798,0,0.42,0,0.13,0
799,0,0.54,1,0.18,0
800,0,0.49,0,0.21,0
801,1,0.34,0,0.75,1
802,1,0.65,1,0.83,1
803,0,0.61,1,0.25,0
804,0,0.41,0,0.15,0
805,0,0.56,1,0.18,0
806,0,0.45,0,0.13,0
807,1,0.44,0,0.77,1
808,1,0.42,0,0.9,1
809,1,0.55,1,0.78,1
810,1,0.7,1,0.86,1
811,1,0.61,1,0.74,1
812,0,0.5,1,0.19,0
813,0,0.39,0,0.19,0
814,1,0.49,0,0.83,1
815,1,0.56,1,0.87,1
816,0,0.58,1,0.18,0
817,1,0.44,0,0.89,1
818,1,0.64,1,0.92,1
819,1,0.54,1,0.79,1
820,0,0.43,0,0.09,0
821,1,0.46,0,0.84,1
822,0,0.38,0,0.12,0
823,1,0.55,1,0.88,1
824,1,0.45,0,0.86,1
825,0,0.45,0,0.16,0
826,1,0.26,0,0.67,1
827,0,0.48,0,0.2,0
828,0,0.31,0,0.12,0
829,0,0.43,0,0.23,0
830,1,0.62,1,0.87,1
831,0,0.51,1,0.23,0
832,1,0.42,0,0.73,1
833,0,0.27,0,0.11,0
834,1,0.29,0,0.7,1
835,0,0.65,1,0.2,0
836,1,0.65,1,0.86,1
837,1,0.57,1,0.76,1
838,1,0.47,0,0.73,1
839,0,0.49,0,0.17,0
840,1,0.47,0,0.82,1
841,1,0.53,1,0.84,1
842,0,0.37,0,0.11,0
843,1,0.35,0,0.82,1
844,0,0.62,1,0.13,0
845,1,0.46,0,0.81,1
846,1,0.74,1,0.9,1
847,0,0.57,1,0.18,0
848,0,0.26,0,0.13,0
849,0,0.62,1,0.26,0
850,1,0.52,1,0.85,1
851,1,0.65,1,0.79,1
852,0,0.58,1,0.2,0
853,0,0.32,0,0.13,0
854,0,0.38,0,0.2,0
855,0,0.35,0,0.17,0
856,0,0.5,1,0.17,0
857,1,0.49,0,0.86,1
858,1,0.45,0,0.75,1
859,0,0.26,0,0.11,0
860,1,0.71,1,0.85,1
861,1,0.44,0,0.76,1
862,1,0.52,1,0.78,1
863,0,0.2,0,0.08,0
864,0,0.3,0,0.15,0
865,1,0.63,1,0.84,1
866,0,0.38,0,0.11,0
867,0,0.33,0,0.11,0
868,1,0.58,1,0.88,1
869,1,0.52,1,0.85,1
870,0,0.32,0,0.16,0
871,1,0.59,1,0.86,1
872,1,0.41,0,0.81,1
873,1,0.33,0,0.86,1
874,1,0.43,0,0.86,1
875,1,0.53,1,0.79,1
876,1,0.53,1,0.85,1
877,1,0.58,1,0.86,1
878,0,0.49,0,0.18,0
879,1,0.42,0,0.78,1
880,1,0.83,1,0.95,1
881,1,0.73,1,0.91,1
882,1,0.33,0,0.78,1
883,0,0.5,1,0.17,0
884,0,0.48,0,0.23,0
885,0,0.64,1,0.21,0
886,1,0.43,0,0.83,1
887,0,0.4,0,0.07,0
888,0,0.44,0,0.18,0
889,1,0.55,1,0.9,1
890,0,0.43,0,0.27,0
891,1,0.37,0,0.86,1
892,1,0.78,1,0.91,1
893,0,0.38,0,0.14,0
894,0,0.44,0,0.17,0
895,0,0.54,1,0.17,0
896,1,0.55,1,0.84,1
897,1,0.66,1,0.9,1
898,0,0.36,0,0.15,0
899,0,0.28,0,0.09,0
900,0,0.5,1,0.15,0
901,1,0.48,0,0.9,1
902,0,0.24,0,0.12,0
903,0,0.41,0,0.17,0
904,1,0.78,1,0.97,1
905,1,0.81,1,0.95,1
906,1,0.61,1,0.88,1
907,1,0.64,1,0.82,1
908,1,0.56,1,0.83,1
909,0,0.66,1,0.23,0
910,1,0.5,1,0.81,1
911,0,0.58,1,0.18,0
912,1,0.81,1,0.94,1
913,1,0.4,0,0.84,1
914,1,0.4,0,0.8,1
915,0,0.47,0,0.2,0
916,1,0.62,1,0.86,1
917,0,0.49,0,0.17,0
918,1,0.56,1,0.82,1
919,1,0.65,1,0.88,1
920,1,0.61,1,0.91,1
921,0,0.21,0,0.16,0
922,0,0.41,0,0.09,0
923,0,0.36,0,0.11,0
924,1,0.5,1,0.81,1
925,1,0.57,1,0.9,1
926,1,0.5,1,0.78,1
927,0,0.41,0,0.09,0
928,1,0.66,1,0.83,1
929,0,0.54,1,0.22,0
930,1,0.6,1,0.84,1
931,1,0.47,0,0.77,1
932,0,0.48,0,0.1,0
933,1,0.63,1,0.84,1
934,0,0.19,0,0.05,0
935,1,0.22,0,0.74,1
936,0,0.38,0,0.12,0
937,0,0.5,1,0.15,0
938,0,0.4,0,0.12,0
939,0,0.44,0,0.2,0
940,0,0.65,1,0.16,0
941,0,0.51,1,0.18,0
942,1,0.55,1,0.8,1
943,0,0.47,0,0.14,0
944,0,0.52,1,0.18,0
945,0,0.41,0,0.12,0
946,1,0.61,1,0.83,1
947,0,0.71,1,0.23,0
948,0,0.33,0,0.15,0
949,1,0.66,1,0.89,1
950,1,0.52,1,0.82,1
951,0,0.45,0,0.19,0
952,0,0.41,0,0.14,0
953,1,0.75,1,0.9,1
954,0,0.43,0,0.12,0
955,1,0.44,0,0.8,1
956,0,0.43,0,0.08,0
957,0,0.57,1,0.14,0
958,0,0.57,1,0.19,0
959,1,0.46,0,0.76,1
960,0,0.4,0,0.2,0
961,0,0.25,0,0.13,0
962,1,0.35,0,0.72,1
963,0,0.51,1,0.14,0
964,1,0.74,1,0.87,1
965,0,0.51,1,0.19,0
966,0,0.4,0,0.23,0
967,0,0.32,0,0.11,0
968,0,0.54,1,0.17,0
969,0,0.46,0,0.2,0
970,0,0.53,1,0.09,0
971,0,0.51,1,0.15,0
972,0,0.67,1,0.15,0
973,0,0.59,1,0.16,0
974,1,0.91,1,0.96,1
975,1,0.48,0,0.81,1
976,1,0.64,1,0.79,1
977,0,0.36,0,0.18,0
978,0,0.34,0,0.17,0
979,1,0.43,0,0.8,1
980,0,0.4,0,0.17,0
981,0,0.48,0,0.12,0
982,0,0.41,0,0.17,0
983,0,0.41,0,0.17,0
984,0,0.36,0,0.15,0
985,0,0.41,0,0.18,0
986,0,0.41,0,0.2,0
987,1,0.46,0,0.86,1
988,1,0.54,1,0.87,1
989,1,0.65,1,0.83,1
990,0,0.36,0,0.2,0
991,0,0.53,1,0.17,0
992,1,0.46,0,0.84,1
993,1,0.33,0,0.72,1
994,1,0.67,1,0.86,1
995,1,0.47,0,0.89,1
996,1,0.68,1,0.86,1
997,1,0.51,1,0.85,1
998,0,0.47,0,0.18,0
999,0,0.39,0,0.18,0
1000,1,0.72,1,0.85,1
1001,0,0.41,0,0.11,0
1002,0,0.47,0,0.12,0
1003,0,0.38,0,0.16,0
1004,1,0.58,1,0.86,1
1005,0,0.55,1,0.26,0
1006,0,0.53,1,0.15,0
1007,1,0.68,1,0.89,1
1008,0,0.51,1,0.26,0
1009,0,0.35,0,0.12,0
1010,1,0.76,1,0.93,1
1011,0,0.32,0,0.13,0
1012,1,0.5,1,0.84,1
1013,0,0.29,0,0.07,0
1014,1,0.48,0,0.79,1
1015,0,0.46,0,0.23,0
1016,0,0.89,1,0.38,0
1017,0,0.48,0,0.24,0
1018,0,0.39,0,0.2,0
1019,0,0.31,0,0.13,0
1020,1,0.55,1,0.77,1
1021,1,0.5,1,0.86,1
1022,1,0.55,1,0.89,1
1023,0,0.26,0,0.13,0
1024,1,0.53,1,0.78,1
1025,1,0.46,0,0.84,1
1026,1,0.81,1,0.84,1
1027,0,0.53,1,0.2,0
1028,0,0.6,1,0.24,0
1029,0,0.45,0,0.15,0
1030,1,0.47,0,0.86,1
1031,0,0.46,0,0.19,0
1032,0,0.4,0,0.15,0
1033,1,0.57,1,0.83,1
1034,0,0.23,0,0.13,0
1035,0,0.45,0,0.22,0
1036,1,0.55,1,0.91,1
1037,1,0.53,1,0.83,1
1038,1,0.4,0,0.8,1
1039,1,0.78,1,0.95,1
1040,0,0.51,1,0.23,0
1041,1,0.58,1,0.79,1
1042,0,0.33,0,0.12,0
1043,1,0.61,1,0.81,1
1044,0,0.3,0,0.08,0
1045,0,0.38,0,0.17,0
1046,0,0.52,1,0.21,0
1047,0,0.32,0,0.15,0
1048,1,0.43,0,0.76,1
1049,1,0.56,1,0.86,1
1050,0,0.4,0,0.16,0
1051,1,0.32,0,0.8,1
1052,0,0.44,0,0.2,0
1053,1,0.56,1,0.79,1
1054,0,0.58,1,0.25,0
1055,1,0.49,0,0.8,1
1056,1,0.71,1,0.89,1
1057,0,0.46,0,0.17,0
1058,0,0.37,0,0.15,0
1059,1,0.59,1,0.82,1
1060,0,0.74,1,0.31,0
1061,1,0.66,1,0.89,1
1062,1,0.6,1,0.84,1
1063,0,0.46,0,0.17,0
1064,1,0.83,1,0.93,1
1065,0,0.56,1,0.15,0
1066,1,0.75,1,0.9,1
1067,0,0.5,1,0.16,0
1068,1,0.45,0,0.81,1
1069,0,0.43,0,0.11,0
1070,1,0.39,0,0.75,1
1071,0,0.49,0,0.2,0
1072,1,0.67,1,0.81,1
1073,0,0.3,0,0.2,0
1074,1,0.62,1,0.81,1
1075,0,0.3,0,0.1,0
1076,1,0.65,1,0.82,1
1077,0,0.49,0,0.15,0
1078,1,0.59,1,0.85,1
1079,0,0.27,0,0.12,0
1080,0,0.44,0,0.11,0
1081,1,0.47,0,0.8,1
1082,1,0.6,1,0.88,1
1083,1,0.76,1,0.84,1
1084,1,0.51,1,0.85,1
1085,1,0.57,1,0.79,1
1086,0,0.41,0,0.2,0
1087,1,0.78,1,0.9,1
1088,1,0.87,1,0.94,1
1089,1,0.58,1,0.8,1
1090,0,0.57,1,0.18,0
1091,0,0.29,0,0.05,0
1092,0,0.49,0,0.17,0
1093,1,0.7,1,0.84,1
1094,1,0.64,1,0.89,1
1095,0,0.31,0,0.15,0
1096,1,0.42,0,0.86,1
1097,1,0.6,1,0.85,1
1098,1,0.23,0,0.74,1
1099,0,0.31,0,0.08,0
1100,1,0.53,1,0.82,1
1101,1,0.7,1,0.86,1
1102,0,0.48,0,0.12,0
1103,1,0.56,1,0.85,1
1104,1,0.61,1,0.92,1
1105,0,0.23,0,0.14,0
1106,0,0.46,0,0.16,0
1107,1,0.22,0,0.68,1
1108,0,0.59,1,0.22,0
1109,0,0.4,0,0.11,0
1110,1,0.73,1,0.87,1
1111,1,0.3,0,0.8,1
1112,0,0.3,0,0.08,0
1113,1,0.62,1,0.79,1
1114,1,0.4,0,0.82,1
1115,0,0.34,0,0.13,0
1116,0,0.55,1,0.12,0
1117,0,0.44,0,0.23,0
1118,0,0.35,0,0.13,0
1119,1,0.49,0,0.8,1
1120,0,0.47,0,0.18,0
1121,1,0.52,1,0.79,1
1122,0,0.62,1,0.29,0
1123,0,0.37,0,0.11,0
1124,0,0.3,0,0.04,0
1125,0,0.54,1,0.22,0
1126,0,0.56,1,0.22,0
1127,1,0.47,0,0.82,1
1128,0,0.58,1,0.29,0
1129,0,0.28,0,0.1,0
1130,1,0.52,1,0.85,1
1131,1,0.61,1,0.89,1
1132,1,0.52,1,0.89,1
1133,1,0.39,0,0.71,1
1134,1,0.59,1,0.86,1
1135,0,0.49,0,0.21,0
1136,0,0.43,0,0.21,0
1137,0,0.34,0,0.12,0
1138,1,0.66,1,0.89,1
1139,1,0.51,1,0.81,1
1140,1,0.77,1,0.95,1
1141,0,0.48,0,0.22,0
1142,1,0.61,1,0.8,1
1143,0,0.3,0,0.08,0
1144,1,0.47,0,0.75,1
1145,0,0.33,0,0.12,0
1146,0,0.46,0,0.12,0
1147,0,0.48,0,0.16,0
1148,0,0.48,0,0.15,0
1149,1,0.46,0,0.84,1
1150,1,0.5,1,0.8,1
1151,1,0.46,0,0.81,1
1152,1,0.58,1,0.85,1
1153,0,0.41,0,0.15,0
1154,0,0.46,0,0.12,0
1155,1,0.36,0,0.81,1
1156,1,0.66,1,0.92,1
1157,0,0.52,1,0.19,0
1158,1,0.51,1,0.76,1
1159,1,0.57,1,0.93,1
1160,1,0.55,1,0.81,1
1161,0,0.54,1,0.17,0
1162,0,0.19,0,0.05,0
1163,0,0.36,0,0.15,0
1164,0,0.38,0,0.18,0
1165,1,0.33,0,0.79,1
1166,0,0.42,0,0.23,0
1167,1,0.57,1,0.87,1
1168,0,0.75,1,0.24,0
1169,1,0.62,1,0.9,1
1170,1,0.62,1,0.87,1
1171,0,0.36,0,0.15,0
1172,0,0.49,0,0.18,0
1173,0,0.56,1,0.2,0
1174,1,0.53,1,0.82,1
1175,0,0.34,0,0.14,0
1176,0,0.49,0,0.18,0
1177,0,0.58,1,0.23,0
1178,0,0.29,0,0.11,0
1179,0,0.39,0,0.19,0
1180,0,0.51,1,0.1,0
1181,1,0.57,1,0.85,1
1182,0,0.52,1,0.15,0
1183,1,0.48,0,0.83,1
1184,1,0.54,1,0.84,1
1185,1,0.81,1,0.95,1
1186,0,0.51,1,0.19,0
1187,1,0.62,1,0.89,1
1188,1,0.47,0,0.78,1
1189,0,0.49,0,0.25,0
1190,1,0.54,1,0.83,1
1191,1,0.5,1,0.83,1
1192,1,0.86,1,0.95,1
1193,1,0.51,1,0.89,1
1194,1,0.65,1,0.85,1
1195,0,0.29,0,0.13,0
1196,0,0.43,0,0.2,0
1197,0,0.19,0,0.11,0
1198,0,0.37,0,0.15,0
1199,1,0.57,1,0.87,1
1200,1,0.5,1,0.9,1
1201,0,0.51,1,0.23,0
1202,1,0.51,1,0.89,1
1203,1,0.61,1,0.86,1
1204,0,0.26,0,0.09,0
1205,0,0.45,0,0.2,0
1206,1,0.63,1,0.87,1
1207,0,0.51,1,0.21,0
1208,0,0.47,0,0.12,0
1209,0,0.35,0,0.08,0
1210,0,0.5,1,0.17,0
1211,0,0.28,0,0.12,0
1212,0,0.18,0,0.08,0
1213,1,0.58,1,0.92,1
1214,1,0.42,0,0.87,1
1215,1,0.71,1,0.89,1
1216,1,0.45,0,0.85,1
1217,0,0.32,0,0.09,0
1218,0,0.43,0,0.13,0
1219,0,0.23,0,0.18,0
1220,0,0.56,1,0.18,0
1221,1,0.48,0,0.75,1
1222,0,0.55,1,0.23,0
1223,1,0.58,1,0.87,1
1224,1,0.66,1,0.86,1
1225,0,0.32,0,0.07,0
1226,0,0.6,1,0.23,0
1227,1,0.65,1,0.88,1
1228,1,0.43,0,0.77,1
1229,1,0.59,1,0.89,1
1230,1,0.63,1,0.91,1
1231,0,0.4,0,0.13,0
1232,0,0.39,0,0.12,0
1233,1,0.6,1,0.86,1
1234,1,0.66,1,0.89,1
1235,1,0.52,1,0.86,1
1236,0,0.33,0,0.05,0
1237,0,0.6,1,0.13,0
1238,0,0.51,1,0.31,0
1239,0,0.41,0,0.16,0
1240,0,0.34,0,0.13,0
1241,0,0.46,0,0.22,0
1242,1,0.55,1,0.83,1
1243,1,0.4,0,0.75,1
1244,0,0.45,0,0.23,0
1245,0,0.26,0,0.12,0
1246,0,0.52,1,0.12,0
1247,1,0.42,0,0.86,1
1248,1,0.57,1,0.88,1
1249,1,0.75,1,0.89,1
1250,0,0.49,0,0.22,0
1251,0,0.47,0,0.14,0
1252,1,0.66,1,0.87,1
1253,0,0.5,1,0.22,0
1254,1,0.64,1,0.94,1
1255,1,0.86,1,0.98,1
1256,0,0.65,1,0.25,0
1257,1,0.49,0,0.88,1
1258,1,0.66,1,0.76,1
1259,0,0.51,1,0.13,0
1260,1,0.64,1,0.8,1
1261,0,0.39,0,0.15,0
1262,1,0.48,0,0.85,1
1263,1,0.62,1,0.82,1
1264,1,0.76,1,0.96,1
1265,1,0.41,0,0.78,1
1266,0,0.36,0,0.13,0
1267,0,0.31,0,0.12,0
1268,1,0.25,0,0.7,1
1269,1,0.49,0,0.83,1
1270,0,0.49,0,0.18,0
1271,0,0.53,1,0.17,0
1272,1,0.57,1,0.8,1
1273,1,0.72,1,0.91,1
1274,1,0.48,0,0.84,1
1275,0,0.52,1,0.12,0
1276,1,0.57,1,0.84,1
1277,0,0.49,0,0.16,0
1278,1,0.75,1,0.93,1
1279,0,0.32,0,0.16,0
1280,1,0.54,1,0.87,1
1281,1,0.7,1,0.91,1
1282,0,0.33,0,0.21,0
1283,1,0.52,1,0.73,1
1284,0,0.29,0,0.15,0
1285,1,0.58,1,0.77,1
1286,1,0.56,1,0.88,1
1287,1,0.51,1,0.81,1
1288,1,0.7,1,0.85,1
1289,1,0.62,1,0.82,1
1290,0,0.54,1,0.14,0
1291,0,0.36,0,0.17,0
1292,1,0.4,0,0.75,1
1293,0,0.45,0,0.14,0
1294,1,0.38,0,0.8,1
1295,1,0.85,1,0.91,1
1296,1,0.54,1,0.82,1
1297,0,0.3,0,0.15,0
1298,0,0.62,1,0.28,0
1299,1,0.54,1,0.87,1
1300,0,0.57,1,0.33,0
1301,1,0.6,1,0.91,1
1302,0,0.58,1,0.16,0
1303,0,0.56,1,0.19,0
1304,0,0.49,0,0.13,0
1305,0,0.54,1,0.25,0
1306,1,0.5,1,0.79,1
1307,1,0.36,0,0.69,1
1308,1,0.49,0,0.83,1
1309,0,0.47,0,0.19,0
1310,0,0.44,0,0.12,0
1311,1,0.69,1,0.9,1
1312,1,0.79,1,0.92,1
1313,1,0.4,0,0.76,1
1314,1,0.68,1,0.8,1
1315,1,0.55,1,0.78,1
1316,1,0.68,1,0.89,1
1317,0,0.46,0,0.22,0
1318,1,0.52,1,0.86,1
1319,1,0.66,1,0.88,1
1320,1,0.54,1,0.85,1
1321,1,0.6,1,0.77,1
1322,1,0.61,1,0.85,1
1323,0,0.43,0,0.2,0
1324,0,0.41,0,0.18,0
1325,0,0.61,1,0.15,0
1326,1,0.63,1,0.88,1
1327,1,0.65,1,0.82,1
1328,1,0.58,1,0.8,1
1329,1,0.6,1,0.87,1
1330,0,0.3,0,0.17,0
1331,1,0.36,0,0.78,1
1332,0,0.23,0,0.11,0
1333,1,0.72,1,0.85,1
1334,0,0.52,1,0.2,0
1335,1,0.44,0,0.87,1
1336,1,0.56,1,0.83,1
1337,0,0.45,0,0.18,0
1338,1,0.53,1,0.88,1
1339,1,0.64,1,0.88,1
1340,1,0.49,0,0.81,1
1341,1,0.63,1,0.81,1
1342,0,0.45,0,0.19,0
1343,0,0.7,1,0.28,0
1344,1,0.51,1,0.77,1
1345,1,0.76,1,0.96,1
1346,1,0.52,1,0.81,1
1347,0,0.58,1,0.22,0
1348,0,0.52,1,0.16,0
1349,1,0.55,1,0.88,1
1350,1,0.42,0,0.81,1
1351,1,0.35,0,0.73,1
1352,0,0.37,0,0.12,0
1353,1,0.54,1,0.81,1
1354,0,0.48,0,0.11,0
1355,1,0.6,1,0.84,1
1356,1,0.49,0,0.84,1
1357,0,0.53,1,0.21,0
1358,0,0.48,0,0.11,0
1359,1,0.49,0,0.81,1
1360,0,0.31,0,0.07,0
1361,1,0.48,0,0.81,1
1362,1,0.61,1,0.89,1
1363,1,0.63,1,0.8,1
1364,1,0.55,1,0.78,1
1365,0,0.71,1,0.34,0
1366,1,0.79,1,0.91,1
1367,1,0.44,0,0.82,1
1368,0,0.32,0,0.14,0
1369,0,0.44,0,0.15,0
1370,1,0.57,1,0.82,1
1371,0,0.42,0,0.14,0
1372,0,0.43,0,0.26,0
1373,1,0.5,1,0.88,1
1374,1,0.8,1,0.92,1
1375,0,0.55,1,0.16,0
1376,1,0.58,1,0.85,1
1377,1,0.46,0,0.9,1
1378,1,0.72,1,0.87,1
1379,0,0.45,0,0.14,0
1380,0,0.61,1,0.28,0
1381,1,0.46,0,0.79,1
1382,0,0.31,0,0.09,0
1383,0,0.37,0,0.13,0
1384,0,0.34,0,0.13,0
1385,1,0.52,1,0.8,1
1386,1,0.62,1,0.8,1
1387,0,0.53,1,0.27,0
1388,1,0.57,1,0.85,1
1389,1,0.6,1,0.87,1
1390,1,0.55,1,0.86,1
1391,1,0.49,0,0.77,1
1392,0,0.68,1,0.23,0
1393,1,0.61,1,0.85,1
1394,1,0.49,0,0.78,1
1395,0,0.33,0,0.06,0
1396,0,0.55,1,0.18,0
1397,1,0.5,1,0.81,1
1398,0,0.41,0,0.1,0
1399,1,0.53,1,0.78,1
1400,0,0.45,0,0.13,0
1401,1,0.54,1,0.87,1
1402,0,0.49,0,0.18,0
1403,0,0.48,0,0.21,0
1404,1,0.38,0,0.78,1
1405,1,0.45,0,0.82,1
1406,1,0.7,1,0.9,1
1407,1,0.44,0,0.78,1
1408,0,0.15,0,0.05,0
1409,1,0.68,1,0.91,1
1410,1,0.61,1,0.86,1
1411,1,0.32,0,0.75,1
1412,0,0.53,1,0.1,0
1413,0,0.37,0,0.18,0
1414,0,0.52,1,0.16,0
1415,1,0.69,1,0.91,1
1416,0,0.38,0,0.09,0
1417,0,0.41,0,0.1,0
1418,0,0.35,0,0.14,0
1419,0,0.66,1,0.24,0
1420,1,0.55,1,0.86,1
1421,0,0.37,0,0.12,0
1422,1,0.86,1,0.97,1
1423,0,0.59,1,0.27,0
1424,0,0.25,0,0.06,0
1425,0,0.48,0,0.14,0
1426,1,0.38,0,0.65,1
1427,0,0.25,0,0.07,0
1428,0,0.55,1,0.18,0
1429,0,0.29,0,0.13,0
1430,1,0.62,1,0.85,1
1431,0,0.58,1,0.34,0
1432,0,0.47,0,0.16,0
1433,1,0.42,0,0.8,1
1434,1,0.56,1,0.73,1
1435,1,0.4,0,0.8,1
1436,1,0.64,1,0.82,1
1437,0,0.45,0,0.09,0
1438,0,0.3,0,0.18,0
1439,0,0.5,1,0.17,0
1440,1,0.54,1,0.86,1
1441,1,0.68,1,0.93,1
1442,1,0.65,1,0.84,1
1443,1,0.61,1,0.73,1
1444,1,0.56,1,0.89,1
1445,1,0.4,0,0.75,1
1446,1,0.58,1,0.87,1
1447,1,0.64,1,0.88,1
1448,1,0.75,1,0.9,1
1449,1,0.57,1,0.81,1
1450,0,0.41,0,0.14,0
1451,0,0.34,0,0.14,0
1452,1,0.45,0,0.79,1
1453,0,0.41,0,0.17,0
1454,0,0.32,0,0.08,0
1455,0,0.51,1,0.2,0
1456,1,0.27,0,0.8,1
1457,1,0.64,1,0.83,1
1458,0,0.26,0,0.13,0
1459,0,0.44,0,0.16,0
1460,0,0.2,0,0.07,0
1461,0,0.51,1,0.12,0
1462,1,0.46,0,0.8,1
1463,1,0.69,1,0.84,1
1464,1,0.61,1,0.88,1
1465,1,0.57,1,0.76,1
1466,1,0.42,0,0.8,1
1467,1,0.53,1,0.77,1
1468,0,0.32,0,0.19,0
1469,1,0.54,1,0.8,1
1470,1,0.55,1,0.84,1
1471,0,0.51,1,0.17,0
1472,0,0.49,0,0.14,0
1473,0,0.31,0,0.15,0
1474,0,0.68,1,0.24,0
1475,1,0.54,1,0.89,1
1476,1,0.49,0,0.87,1
1477,0,0.42,0,0.14,0
1478,0,0.49,0,0.19,0
1479,1,0.59,1,0.9,1
1480,1,0.63,1,0.83,1
1481,1,0.84,1,0.96,1
1482,0,0.51,1,0.2,0
1483,0,0.33,0,0.09,0
1484,1,0.55,1,0.73,1
1485,1,0.8,1,0.93,1
1486,0,0.57,1,0.19,0
1487,0,0.56,1,0.22,0
1488,0,0.34,0,0.18,0
1489,0,0.51,1,0.15,0
1490,1,0.53,1,0.86,1
1491,0,0.48,0,0.07,0
1492,1,0.69,1,0.85,1
1493,0,0.3,0,0.15,0
1494,1,0.47,0,0.84,1
1495,1,0.65,1,0.92,1
1496,0,0.54,1,0.21,0
1497,0,0.59,1,0.21,0
1498,1,0.4,0,0.78,1
1499,0,0.37,0,0.17,0
1500,0,0.43,0,0.22,0
1501,1,0.51,1,0.86,1
1502,1,0.52,1,0.84,1
1503,0,0.67,1,0.27,0
1504,0,0.53,1,0.15,0
1505,0,0.54,1,0.18,0
1506,1,0.64,1,0.84,1
1507,0,0.15,0,0.07,0
1508,1,0.53,1,0.86,1
1509,0,0.37,0,0.16,0
1510,0,0.41,0,0.1,0
1511,1,0.62,1,0.89,1
1512,1,0.52,1,0.87,1
1513,1,0.43,0,0.84,1
1514,0,0.51,1,0.16,0
1515,0,0.45,0,0.12,0
1516,1,0.6,1,0.84,1
1517,1,0.74,1,0.88,1
1518,1,0.55,1,0.85,1
1519,1,0.74,1,0.91,1
1520,1,0.37,0,0.8,1
1521,1,0.62,1,0.86,1
1522,1,0.64,1,0.87,1
1523,1,0.77,1,0.9,1
1524,0,0.5,1,0.12,0
1525,1,0.4,0,0.82,1
1526,1,0.69,1,0.87,1
1527,0,0.46,0,0.14,0
1528,0,0.27,0,0.05,0
1529,0,0.37,0,0.12,0
1530,0,0.47,0,0.14,0
1531,0,0.15,0,0.07,0
1532,1,0.5,1,0.9,1
1533,0,0.61,1,0.17,0
1534,0,0.29,0,0.11,0
1535,0,0.5,1,0.11,0
1536,1,0.52,1,0.8,1
1537,0,0.62,1,0.18,0
1538,0,0.55,1,0.29,0
1539,0,0.57,1,0.16,0
1540,0,0.29,0,0.07,0
1541,0,0.44,0,0.16,0
1542,0,0.55,1,0.14,0
1543,1,0.63,1,0.84,1
1544,1,0.49,0,0.81,1
1545,0,0.5,1,0.13,0
1546,1,0.58,1,0.73,1
1547,0,0.63,1,0.15,0
1548,0,0.35,0,0.18,0
1549,0,0.57,1,0.22,0
1550,0,0.37,0,0.13,0
1551,1,0.5,1,0.88,1
1552,1,0.51,1,0.81,1
1553,0,0.34,0,0.07,0
1554,1,0.47,0,0.78,1
1555,1,0.58,1,0.8,1
1556,1,0.5,1,0.89,1
1557,1,0.78,1,0.88,1
1558,1,0.51,1,0.8,1
1559,1,0.49,0,0.83,1
1560,1,0.79,1,0.9,1
1561,0,0.4,0,0.16,0
1562,1,0.57,1,0.82,1
1563,0,0.56,1,0.24,0
1564,0,0.34,0,0.12,0
1565,1,0.46,0,0.77,1
1566,0,0.36,0,0.17,0
1567,0,0.24,0,0.19,0
1568,1,0.6,1,0.87,1
1569,0,0.5,1,0.16,0
1570,1,0.73,1,0.86,1
1571,0,0.53,1,0.24,0
1572,0,0.39,0,0.12,0
1573,1,0.59,1,0.82,1
1574,0,0.69,1,0.17,0
1575,0,0.48,0,0.23,0
1576,0,0.2,0,0.11,0
1577,0,0.63,1,0.19,0
1578,0,0.6,1,0.24,0
1579,1,0.59,1,0.79,1
1580,1,0.66,1,0.87,1
1581,0,0.45,0,0.14,0
1582,0,0.52,1,0.2,0
1583,1,0.58,1,0.85,1
1584,0,0.36,0,0.18,0
1585,1,0.51,1,0.86,1
1586,0,0.31,0,0.14,0
1587,0,0.38,0,0.21,0
1588,0,0.32,0,0.18,0
1589,1,0.37,0,0.83,1
1590,0,0.49,0,0.16,0
1591,0,0.28,0,0.12,0
1592,1,0.31,0,0.75,1
1593,0,0.49,0,0.16,0
1594,1,0.57,1,0.85,1
1595,0,0.51,1,0.12,0
1596,0,0.28,0,0.09,0
1597,1,0.65,1,0.87,1
1598,0,0.43,0,0.14,0
1599,1,0.67,1,0.89,1
1600,1,0.63,1,0.83,1
1601,0,0.31,0,0.14,0
1602,0,0.48,0,0.23,0
1603,1,0.5,1,0.82,1
1604,0,0.41,0,0.09,0
1605,1,0.54,1,0.86,1
1606,0,0.41,0,0.12,0
1607,1,0.62,1,0.85,1
1608,0,0.27,0,0.13,0
1609,1,0.72,1,0.86,1
1610,1,0.38,0,0.77,1
1611,0,0.5,1,0.18,0
1612,1,0.68,1,0.91,1
1613,0,0.46,0,0.14,0
1614,0,0.51,1,0.28,0
1615,1,0.43,0,0.76,1
1616,1,0.38,0,0.72,1
1617,0,0.48,0,0.19,0
1618,1,0.61,1,0.81,1
1619,0,0.22,0,0.08,0
1620,1,0.54,1,0.8,1
1621,1,0.53,1,0.85,1
1622,1,0.54,1,0.88,1
1623,1,0.57,1,0.79,1
1624,0,0.52,1,0.21,0
1625,1,0.78,1,0.97,1
1626,0,0.63,1,0.29,0
1627,1,0.58,1,0.91,1
1628,0,0.56,1,0.26,0
1629,0,0.56,1,0.22,0
1630,0,0.24,0,0.15,0
1631,0,0.44,0,0.12,0
1632,1,0.51,1,0.84,1
1633,1,0.64,1,0.85,1
1634,1,0.4,0,0.78,1
1635,1,0.61,1,0.88,1
1636,1,0.38,0,0.81,1
1637,1,0.43,0,0.79,1
1638,0,0.4,0,0.17,0
1639,1,0.52,1,0.8,1
1640,0,0.59,1,0.13,0
1641,0,0.48,0,0.2,0
1642,0,0.35,0,0.18,0
1643,0,0.31,0,0.11,0
1644,0,0.49,0,0.14,0
1645,1,0.66,1,0.82,1
1646,1,0.54,1,0.82,1
1647,1,0.49,0,0.81,1
1648,0,0.53,1,0.18,0
1649,1,0.38,0,0.81,1
1650,0,0.55,1,0.15,0
1651,1,0.5,1,0.81,1
1652,0,0.46,0,0.17,0
1653,0,0.49,0,0.15,0
1654,0,0.5,1,0.11,0
1655,0,0.5,1,0.18,0
1656,1,0.43,0,0.81,1
1657,1,0.74,1,0.92,1
1658,0,0.2,0,0.11,0
1659,0,0.28,0,0.13,0
1660,1,0.64,1,0.96,1
1661,1,0.74,1,0.88,1
1662,0,0.44,0,0.1,0
1663,0,0.71,1,0.26,0
1664,1,0.65,1,0.81,1
1665,1,0.5,1,0.81,1
1666,0,0.51,1,0.22,0
1667,1,0.6,1,0.82,1
1668,0,0.36,0,0.05,0
1669,1,0.48,0,0.85,1
1670,0,0.3,0,0.12,0
1671,1,0.57,1,0.83,1
1672,0,0.49,0,0.15,0
1673,0,0.24,0,0.17,0
1674,0,0.31,0,0.12,0
1675,0,0.4,0,0.18,0
1676,0,0.29,0,0.05,0
1677,1,0.69,1,0.89,1
1678,1,0.82,1,0.89,1
1679,1,0.58,1,0.9,1
1680,0,0.56,1,0.22,0
1681,0,0.55,1,0.13,0
1682,1,0.46,0,0.73,1
1683,0,0.33,0,0.09,0
1684,1,0.67,1,0.91,1
1685,1,0.39,0,0.77,1
1686,0,0.41,0,0.13,0
1687,1,0.51,1,0.82,1
1688,1,0.57,1,0.82,1
1689,0,0.57,1,0.19,0
1690,1,0.62,1,0.87,1
1691,0,0.3,0,0.19,0
1692,0,0.47,0,0.1,0
1693,1,0.75,1,0.91,1
1694,0,0.4,0,0.17,0
1695,0,0.35,0,0.13,0
1696,1,0.59,1,0.88,1
1697,0,0.47,0,0.19,0
1698,1,0.72,1,0.84,1
1699,1,0.58,1,0.87,1
1700,0,0.45,0,0.21,0
1701,0,0.23,0,0.07,0
1702,0,0.39,0,0.14,0
1703,1,0.43,0,0.83,1
1704,0,0.34,0,0.1,0
1705,0,0.54,1,0.24,0
1706,0,0.43,0,0.16,0
1707,1,0.74,1,0.87,1
1708,0,0.6,1,0.14,0
1709,0,0.37,0,0.18,0
1710,1,0.67,1,0.89,1
1711,0,0.58,1,0.13,0
1712,0,0.52,1,0.2,0
1713,0,0.45,0,0.08,0
1714,0,0.34,0,0.15,0
1715,1,0.78,1,0.91,1
1716,1,0.41,0,0.79,1
1717,0,0.35,0,0.08,0
1718,0,0.42,0,0.1,0
1719,1,0.51,1,0.93,1
1720,0,0.52,1,0.25,0
1721,0,0.42,0,0.09,0
1722,0,0.52,1,0.2,0
1723,1,0.7,1,0.81,1
1724,0,0.37,0,0.11,0
1725,0,0.63,1,0.27,0
1726,0,0.47,0,0.26,0
1727,0,0.35,0,0.07,0
1728,1,0.45,0,0.76,1
1729,0,0.37,0,0.18,0
1730,1,0.55,1,0.91,1
1731,0,0.23,0,0.07,0
1732,0,0.32,0,0.06,0
1733,1,0.68,1,0.89,1
1734,1,0.62,1,0.88,1
1735,1,0.55,1,0.8,1
1736,1,0.47,0,0.73,1
1737,0,0.47,0,0.2,0
1738,1,0.67,1,0.84,1
1739,0,0.6,1,0.22,0
1740,1,0.6,1,0.77,1
1741,1,0.22,0,0.77,1
1742,1,0.55,1,0.86,1
1743,1,0.59,1,0.93,1
1744,1,0.67,1,0.88,1
1745,0,0.43,0,0.12,0
1746,0,0.56,1,0.18,0
1747,0,0.4,0,0.14,0
1748,1,0.51,1,0.8,1
1749,0,0.53,1,0.13,0
1750,0,0.27,0,0.1,0
1751,0,0.36,0,0.2,0
1752,1,0.41,0,0.76,1
1753,1,0.53,1,0.83,1
1754,0,0.56,1,0.25,0
1755,0,0.66,1,0.19,0
1756,0,0.48,0,0.22,0
1757,1,0.66,1,0.9,1
1758,0,0.44,0,0.17,0
1759,0,0.59,1,0.18,0
1760,1,0.64,1,0.92,1
1761,0,0.38,0,0.13,0
1762,0,0.43,0,0.24,0
1763,1,0.49,0,0.85,1
1764,1,0.51,1,0.75,1
1765,0,0.48,0,0.18,0
1766,1,0.65,1,0.82,1
1767,1,0.63,1,0.86,1
1768,1,0.68,1,0.86,1
1769,1,0.62,1,0.9,1
1770,1,0.75,1,0.96,1
1771,0,0.58,1,0.19,0
1772,0,0.5,1,0.18,0
1773,0,0.16,0,0.06,0
1774,0,0.42,0,0.15,0
1775,0,0.47,0,0.16,0
1776,0,0.39,0,0.11,0
1777,1,0.64,1,0.85,1
1778,0,0.66,1,0.17,0
1779,0,0.46,0,0.18,0
1780,1,0.61,1,0.88,1
1781,0,0.3,0,0.1,0
1782,1,0.7,1,0.88,1
1783,0,0.58,1,0.16,0
1784,0,0.31,0,0.11,0
1785,0,0.37,0,0.11,0
1786,1,0.47,0,0.8,1
1787,1,0.73,1,0.9,1
1788,0,0.27,0,0.12,0
1789,0,0.66,1,0.17,0
1790,0,0.23,0,0.06,0
1791,1,0.51,1,0.86,1
1792,0,0.53,1,0.14,0
1793,0,0.25,0,0.05,0
1794,0,0.54,1,0.15,0
1795,0,0.6,1,0.22,0
1796,1,0.59,1,0.88,1
1797,1,0.37,0,0.82,1
1798,0,0.47,0,0.21,0
1799,0,0.68,1,0.23,0
1800,1,0.42,0,0.82,1
1801,0,0.5,1,0.23,0
1802,0,0.31,0,0.13,0
1803,0,0.27,0,0.11,0
1804,1,0.55,1,0.8,1
1805,0,0.39,0,0.19,0
1806,1,0.6,1,0.83,1
1807,1,0.33,0,0.84,1
1808,1,0.28,0,0.69,1
1809,1,0.71,1,0.88,1
1810,1,0.51,1,0.79,1
1811,1,0.29,0,0.86,1
1812,1,0.67,1,0.81,1
1813,1,0.44,0,0.8,1
1814,0,0.39,0,0.11,0
1815,0,0.72,1,0.24,0
1816,1,0.81,1,0.94,1
1817,0,0.51,1,0.18,0
1818,0,0.74,1,0.2,0
1819,1,0.57,1,0.82,1
1820,0,0.38,0,0.11,0
1821,1,0.46,0,0.81,1
1822,0,0.42,0,0.18,0
1823,1,0.45,0,0.72,1
1824,0,0.35,0,0.1,0
1825,1,0.56,1,0.75,1
1826,1,0.49,0,0.87,1
1827,1,0.64,1,0.94,1
1828,1,0.56,1,0.85,1
1829,0,0.48,0,0.11,0
1830,0,0.21,0,0.12,0
1831,0,0.34,0,0.05,0
1832,1,0.52,1,0.84,1
1833,0,0.33,0,0.09,0
1834,1,0.58,1,0.73,1
1835,1,0.48,0,0.78,1
1836,1,0.54,1,0.88,1
1837,0,0.62,1,0.27,0
1838,0,0.49,0,0.17,0
1839,0,0.71,1,0.22,0
1840,0,0.5,1,0.08,0
1841,1,0.48,0,0.76,1
1842,1,0.56,1,0.87,1
1843,1,0.53,1,0.8,1
1844,0,0.39,0,0.06,0
1845,1,0.56,1,0.88,1
1846,1,0.64,1,0.85,1
1847,0,0.57,1,0.26,0
1848,1,0.65,1,0.93,1
1849,1,0.48,0,0.82,1
1850,0,0.32,0,0.1,0
1851,0,0.4,0,0.18,0
1852,0,0.25,0,0.1,0
1853,1,0.73,1,0.95,1
1854,1,0.61,1,0.79,1
1855,1,0.57,1,0.82,1
1856,1,0.53,1,0.85,1
1857,1,0.32,0,0.81,1
1858,0,0.42,0,0.14,0
1859,0,0.51,1,0.17,0
1860,1,0.54,1,0.82,1
1861,0,0.42,0,0.13,0
1862,0,0.39,0,0.17,0
1863,1,0.68,1,0.91,1
1864,1,0.7,1,0.86,1
1865,1,0.56,1,0.8,1
1866,0,0.63,1,0.18,0
1867,0,0.48,0,0.17,0
1868,1,0.55,1,0.8,1
1869,1,0.42,0,0.8,1
1870,0,0.68,1,0.25,0
1871,1,0.45,0,0.9,1
1872,1,0.4,0,0.83,1
1873,0,0.35,0,0.09,0
1874,0,0.46,0,0.14,0
1875,1,0.53,1,0.81,1
1876,1,0.46,0,0.81,1
1877,0,0.57,1,0.15,0
1878,1,0.46,0,0.81,1
1879,0,0.48,0,0.09,0
1880,0,0.51,1,0.17,0
1881,0,0.49,0,0.15,0
1882,0,0.6,1,0.23,0
1883,0,0.37,0,0.11,0
1884,0,0.34,0,0.18,0
1885,0,0.39,0,0.16,0
1886,1,0.49,0,0.9,1
1887,0,0.4,0,0.16,0
1888,1,0.7,1,0.86,1
1889,1,0.58,1,0.82,1
1890,1,0.69,1,0.86,1
1891,0,0.43,0,0.15,0
1892,1,0.66,1,0.87,1
1893,1,0.57,1,0.88,1
1894,0,0.25,0,0.07,0
1895,0,0.47,0,0.2,0
1896,0,0.42,0,0.19,0
1897,0,0.28,0,0.08,0
1898,1,0.49,0,0.81,1
1899,0,0.52,1,0.11,0
1900,1,0.74,1,0.92,1
1901,1,0.4,0,0.83,1
1902,0,0.38,0,0.18,0
1903,0,0.67,1,0.24,0
1904,0,0.42,0,0.12,0
1905,1,0.61,1,0.88,1
1906,0,0.36,0,0.15,0
1907,0,0.52,1,0.21,0
1908,1,0.56,1,0.88,1
1909,0,0.42,0,0.13,0
1910,0,0.37,0,0.16,0
1911,0,0.4,0,0.22,0
1912,0,0.4,0,0.26,0
1913,0,0.62,1,0.15,0
1914,1,0.58,1,0.83,1
1915,0,0.54,1,0.24,0
1916,0,0.67,1,0.23,0
1917,0,0.64,1,0.24,0
1918,0,0.3,0,0.09,0
1919,1,0.62,1,0.82,1
1920,1,0.63,1,0.84,1
1921,1,0.76,1,0.92,1
1922,0,0.37,0,0.12,0
1923,0,0.34,0,0.21,0
1924,1,0.46,0,0.77,1
1925,1,0.57,1,0.88,1
1926,1,0.52,1,0.83,1
1927,0,0.25,0,0.12,0
1928,0,0.41,0,0.17,0
1929,0,0.41,0,0.15,0
1930,1,0.5,1,0.74,1
1931,0,0.56,1,0.19,0
1932,1,0.6,1,0.92,1
1933,0,0.47,0,0.17,0
1934,0,0.39,0,0.17,0
1935,1,0.6,1,0.8,1
1936,1,0.76,1,0.88,1
1937,1,0.67,1,0.84,1
1938,1,0.39,0,0.9,1
1939,1,0.62,1,0.89,1
1940,1,0.55,1,0.83,1
1941,0,0.45,0,0.21,0
1942,0,0.44,0,0.11,0
1943,0,0.33,0,0.16,0
1944,0,0.39,0,0.12,0
1945,0,0.57,1,0.14,0
1946,0,0.3,0,0.1,0
1947,1,0.48,0,0.75,1
1948,1,0.51,1,0.91,1
1949,1,0.59,1,0.76,1
1950,0,0.65,1,0.27,0
1951,0,0.43,0,0.18,0
1952,1,0.64,1,0.87,1
1953,0,0.45,0,0.19,0
1954,0,0.16,0,0.04,0
1955,1,0.51,1,0.79,1
1956,0,0.51,1,0.14,0
1957,0,0.34,0,0.15,0
1958,1,0.75,1,0.82,1
1959,0,0.39,0,0.14,0
1960,0,0.46,0,0.08,0
1961,0,0.47,0,0.16,0
1962,1,0.52,1,0.9,1
1963,0,0.32,0,0.13,0
1964,0,0.36,0,0.08,0
1965,1,0.67,1,0.9,1
1966,0,0.38,0,0.22,0
1967,1,0.3,0,0.7,1
1968,0,0.39,0,0.13,0
1969,1,0.4,0,0.83,1
1970,1,0.47,0,0.86,1
1971,1,0.74,1,0.9,1
1972,1,0.54,1,0.81,1
1973,0,0.55,1,0.17,0
1974,1,0.66,1,0.85,1
1975,0,0.31,0,0.06,0
1976,1,0.38,0,0.77,1
1977,0,0.46,0,0.14,0
1978,1,0.57,1,0.89,1
1979,1,0.66,1,0.9,1
1980,0,0.63,1,0.19,0
1981,1,0.55,1,0.89,1
1982,1,0.6,1,0.84,1
1983,1,0.5,1,0.84,1
1984,0,0.42,0,0.12,0
1985,0,0.33,0,0.08,0
1986,0,0.43,0,0.17,0
1987,0,0.23,0,0.09,0
1988,1,0.48,0,0.84,1
1989,1,0.69,1,0.93,1
1990,1,0.43,0,0.8,1
1991,0,0.43,0,0.23,0
1992,0,0.23,0,0.08,0
1993,0,0.42,0,0.19,0
1994,1,0.45,0,0.77,1
1995,1,0.62,1,0.85,1
1996,1,0.52,1,0.84,1
1997,1,0.55,1,0.85,1
1998,1,0.71,1,0.86,1
1999,1,0.5,1,0.79,1
